{
  "format": 1,
  "result": "pass-source-structure-only",
  "production_qualified": false,
  "formal_proof": false,
  "ada_execution": false,
  "capabilities": 20,
  "lineage": {
    "restored_files": 98,
    "kept_newer_files": 18,
    "restored_canonical_ada": 95,
    "source_archive": "mission-core-mission-critical-distro-source-2026-09-06.zip",
    "source_sha256": "0f7abaee8a747ddfe2f9d0700870d1c7190a39b924b40d8b7a2a3b726db8fd07"
  },
  "packaging": {
    "covered_application_mains": [
      "assurance/assure",
      "assurance/controlctl",
      "assurance/platformctl",
      "pkgcore/pkg_recoveryctl",
      "pkgcore/pkgctl",
      "pkgcore/pkg_worker",
      "pkgcore/pkg_scrubctl",
      "statecore/hostctl",
      "statecore/statectl",
      "statecore/state_worker",
      "statecore/state_recovery_worker",
      "statecore/state_healing_admin",
      "controlcore/missionctl",
      "controlcore/mission_sign"
    ],
    "rpmbuild_executed": false
  },
  "documentation": {
    "documents": [
      {
        "path": "assurance/CONTRIBUTING.md",
        "sha256": "20c0a11376da06b9b5c023f8d28f8452c175a0cd36498e3ff26212c7e9d8ab51",
        "scope": "legacy-or-component-document-check-current-capability-matrix",
        "semantic_review": "selected-design-boundaries; full semantic equivalence not established"
      },
      {
        "path": "assurance/README.md",
        "sha256": "156a9db9195d01611f05bdc8aa8bf013975f6ff0f048e751e2ba65219904ce44",
        "scope": "legacy-or-component-document-check-current-capability-matrix",
        "semantic_review": "selected-design-boundaries; full semantic equivalence not established"
      },
      {
        "path": "assurance/SECURITY.md",
        "sha256": "ce6aa928c275d342811638e598d9138562e854b7184ce7483209375092ef551c",
        "scope": "legacy-or-component-document-check-current-capability-matrix",
        "semantic_review": "selected-design-boundaries; full semantic equivalence not established"
      },
      {
        "path": "assurance/deployment/README.ja.md",
        "sha256": "7830cc45d03a45f8e6964254796b67bd2908a8e5a7fe4a22adb178869fc7c446",
        "scope": "legacy-or-component-document-check-current-capability-matrix",
        "semantic_review": "selected-design-boundaries; full semantic equivalence not established"
      },
      {
        "path": "assurance/docs/architecture.md",
        "sha256": "1c371086ff39095011f3018ccb3d5f733c23733401e26970112eae242ee2f525",
        "scope": "legacy-or-component-document-check-current-capability-matrix",
        "semantic_review": "selected-design-boundaries; full semantic equivalence not established"
      },
      {
        "path": "assurance/docs/assured-operations.ja.md",
        "sha256": "ad437eefe45a7e5ea3ff51e912e1bcd9da02d09332551b3f166eaaca53eb5c48",
        "scope": "legacy-or-component-document-check-current-capability-matrix",
        "semantic_review": "selected-design-boundaries; full semantic equivalence not established"
      },
      {
        "path": "assurance/docs/assured-sources.md",
        "sha256": "a4cd47a74914ddad6af6ba09e35acba9d8b666f345cddf125db3b9f96ff642f3",
        "scope": "legacy-or-component-document-check-current-capability-matrix",
        "semantic_review": "selected-design-boundaries; full semantic equivalence not established"
      },
      {
        "path": "assurance/docs/assured-traceability.md",
        "sha256": "b6bbb1164edf5140299080428792df4f05fc6b65ffecdb0df2c5b5561118e0e4",
        "scope": "legacy-or-component-document-check-current-capability-matrix",
        "semantic_review": "selected-design-boundaries; full semantic equivalence not established"
      },
      {
        "path": "assurance/docs/build-and-test.ja.md",
        "sha256": "347f522a8504b3f8d106fb0a2601d32dd0e922996e587ffe8cba27b2c64b3dce",
        "scope": "legacy-or-component-document-check-current-capability-matrix",
        "semantic_review": "selected-design-boundaries; full semantic equivalence not established"
      },
      {
        "path": "assurance/docs/checkpoints.ja.md",
        "sha256": "dafd7a2677662de21ed1610f67859a3b5ed80e542cfe1bae16e0c0d70d7231b3",
        "scope": "legacy-or-component-document-check-current-capability-matrix",
        "semantic_review": "selected-design-boundaries; full semantic equivalence not established"
      },
      {
        "path": "assurance/docs/ci-policy.md",
        "sha256": "73440021145802eb2b3000f104be9114533c34e9cb888b32f9961d784867d899",
        "scope": "legacy-or-component-document-check-current-capability-matrix",
        "semantic_review": "selected-design-boundaries; full semantic equivalence not established"
      },
      {
        "path": "assurance/docs/connector-evolution.ja.md",
        "sha256": "5b9cd76951b9e569292ff20ee232b911f0e811b86f962ae6ab32954b22437992",
        "scope": "legacy-or-component-document-check-current-capability-matrix",
        "semantic_review": "selected-design-boundaries; full semantic equivalence not established"
      },
      {
        "path": "assurance/docs/control-protocol.ja.md",
        "sha256": "3f7128ffe07d9756b79078cc107d1f2d7cfbf7d296e96cdd2aa04566ab6eddb2",
        "scope": "legacy-or-component-document-check-current-capability-matrix",
        "semantic_review": "selected-design-boundaries; full semantic equivalence not established"
      },
      {
        "path": "assurance/docs/coordination-integrity.ja.md",
        "sha256": "2983c2e94fcc420f613d93a6409ef063c3e0d2a35fb2147866476fbf18501a2a",
        "scope": "legacy-or-component-document-check-current-capability-matrix",
        "semantic_review": "selected-design-boundaries; full semantic equivalence not established"
      },
      {
        "path": "assurance/docs/coordination-traceability.md",
        "sha256": "172ba5a7ee3b4fa7fa8967f56a5f455a2e33ca11b07bf256e06c37ff1a7a5ac6",
        "scope": "legacy-or-component-document-check-current-capability-matrix",
        "semantic_review": "selected-design-boundaries; full semantic equivalence not established"
      },
      {
        "path": "assurance/docs/distro-foundation.ja.md",
        "sha256": "d7b3f48fbe5eb589f6d08fc557bd3693fcdc956350b561afcb69dcccc5ac8b29",
        "scope": "legacy-or-component-document-check-current-capability-matrix",
        "semantic_review": "selected-design-boundaries; full semantic equivalence not established"
      },
      {
        "path": "assurance/docs/distro-migration.ja.md",
        "sha256": "2cbd5bd900e15fc7ecbc6897438d8bc9c21735782d48d9c839a87ddca0d6e954",
        "scope": "legacy-or-component-document-check-current-capability-matrix",
        "semantic_review": "selected-design-boundaries; full semantic equivalence not established"
      },
      {
        "path": "assurance/docs/distro-sources.md",
        "sha256": "25fb07b287c7a604ab0bb74bb325ad17bdb6db5f6e77fa94acb315383f0044bc",
        "scope": "legacy-or-component-document-check-current-capability-matrix",
        "semantic_review": "selected-design-boundaries; full semantic equivalence not established"
      },
      {
        "path": "assurance/docs/distro-traceability.md",
        "sha256": "8b314a4fe646c4ec9c8d54a5df61efd19ba98596ce10ca810f76f67ceb57d492",
        "scope": "legacy-or-component-document-check-current-capability-matrix",
        "semantic_review": "selected-design-boundaries; full semantic equivalence not established"
      },
      {
        "path": "assurance/docs/implementation-status.ja.md",
        "sha256": "adee8c17b1ff4417f5e90a9543ba564b6987d3326148c914a19617eec4b49c47",
        "scope": "legacy-or-component-document-check-current-capability-matrix",
        "semantic_review": "selected-design-boundaries; full semantic equivalence not established"
      },
      {
        "path": "assurance/docs/limits-and-operations.ja.md",
        "sha256": "1766374f33dbc5a3cd0c25b3f7179f45b9856125384e438bae52231f4b05bf3e",
        "scope": "legacy-or-component-document-check-current-capability-matrix",
        "semantic_review": "selected-design-boundaries; full semantic equivalence not established"
      },
      {
        "path": "assurance/docs/mission-critical-linux.ja.md",
        "sha256": "0607d5dc7e97ecf61c0c8803807522ad9343e120568e512a42f7da344bdc18cd",
        "scope": "legacy-or-component-document-check-current-capability-matrix",
        "semantic_review": "selected-design-boundaries; full semantic equivalence not established"
      },
      {
        "path": "assurance/docs/platform-qualification.ja.md",
        "sha256": "8c69b879f26874ea849e00d0ee45f8b90bb089fd20ea260b23f5b0a142fc5ae7",
        "scope": "legacy-or-component-document-check-current-capability-matrix",
        "semantic_review": "selected-design-boundaries; full semantic equivalence not established"
      },
      {
        "path": "assurance/docs/proof-boundary.md",
        "sha256": "10056ed4953b60cc69a123ffc8d736413bb124626d2c5d6dffa804a5edae95de",
        "scope": "legacy-or-component-document-check-current-capability-matrix",
        "semantic_review": "selected-design-boundaries; full semantic equivalence not established"
      },
      {
        "path": "assurance/docs/protocol.md",
        "sha256": "4eaab22cb878dcd910624608afc26738039a5426c96ab5e6ef2639a922aac0b5",
        "scope": "legacy-or-component-document-check-current-capability-matrix",
        "semantic_review": "selected-design-boundaries; full semantic equivalence not established"
      },
      {
        "path": "assurance/docs/qualification-gap.md",
        "sha256": "80f5e040d341232a2d44e9ef5ec7889928eecb01fe58aa15d36fb73d95d71f88",
        "scope": "legacy-or-component-document-check-current-capability-matrix",
        "semantic_review": "selected-design-boundaries; full semantic equivalence not established"
      },
      {
        "path": "assurance/docs/release-qualification.ja.md",
        "sha256": "e4f2b72b2a83c5860ccd5fb8b9fbe6b243e1fde0dd72aadf624abb7e91b50b44",
        "scope": "legacy-or-component-document-check-current-capability-matrix",
        "semantic_review": "selected-design-boundaries; full semantic equivalence not established"
      },
      {
        "path": "assurance/docs/resilience.ja.md",
        "sha256": "19dec0a6b5b82d51df7fcbaa1fd8bf332adc2f1de2d5cc3c4ce3929661f89c53",
        "scope": "legacy-or-component-document-check-current-capability-matrix",
        "semantic_review": "selected-design-boundaries; full semantic equivalence not established"
      },
      {
        "path": "assurance/docs/sources.md",
        "sha256": "6920240ea62372362a70433c933cda67e60455ba1399f840ad851a832719c215",
        "scope": "legacy-or-component-document-check-current-capability-matrix",
        "semantic_review": "selected-design-boundaries; full semantic equivalence not established"
      },
      {
        "path": "assurance/docs/stop-barrier.ja.md",
        "sha256": "7b0c320a8b2bada85d4776de4d9df42701b79decdabe49d29198b05006b1e88f",
        "scope": "legacy-or-component-document-check-current-capability-matrix",
        "semantic_review": "selected-design-boundaries; full semantic equivalence not established"
      },
      {
        "path": "assurance/docs/trusted-computing-base.ja.md",
        "sha256": "cfea6a691df8bcfc63fad068e8110450eb31c8221f78b9d4cc1b32223577e993",
        "scope": "legacy-or-component-document-check-current-capability-matrix",
        "semantic_review": "selected-design-boundaries; full semantic equivalence not established"
      },
      {
        "path": "assurance/docs/engineering/README.ja.md",
        "sha256": "3c92e5db3714833df7eac46066adee61371d7626b3db15ac1c58bdef13de8730",
        "scope": "current-integrated-specification",
        "semantic_review": "selected-design-boundaries; full semantic equivalence not established"
      },
      {
        "path": "assurance/docs/engineering/api-index.ja.md",
        "sha256": "3d77faa4081c0b986a9cbcc4a699369712621a152b4315c768539424d5bf41cf",
        "scope": "current-integrated-specification",
        "semantic_review": "selected-design-boundaries; full semantic equivalence not established"
      },
      {
        "path": "assurance/docs/engineering/change-review.ja.md",
        "sha256": "e89dba72ed1116e0220b100a7fe3e82b2346f19aeea22dffea774e6ca7e29cad",
        "scope": "current-integrated-specification",
        "semantic_review": "selected-design-boundaries; full semantic equivalence not established"
      },
      {
        "path": "assurance/docs/engineering/sources.ja.md",
        "sha256": "6bd15e1322fdb1b8a7878ef67c78bce048b5025c1a25ee73e3b1c4de5b5c1d4a",
        "scope": "current-integrated-specification",
        "semantic_review": "selected-design-boundaries; full semantic equivalence not established"
      },
      {
        "path": "assurance/docs/engineering/traceability.ja.md",
        "sha256": "c7a3ef2b83f9bf5a414940aa75732017d68f69ca72ee3aabce288594997be240",
        "scope": "current-integrated-specification",
        "semantic_review": "selected-design-boundaries; full semantic equivalence not established"
      },
      {
        "path": "assurance/docs/engineering/unified-change-review.ja.md",
        "sha256": "7139253f0a81b2835e8f4adf89c6cc65a2fd4c524a55bdade816c0341530c062",
        "scope": "current-integrated-specification",
        "semantic_review": "selected-design-boundaries; full semantic equivalence not established"
      },
      {
        "path": "assurance/docs/engineering/adr/ADR-0001.ja.md",
        "sha256": "ab9d72391e3945d8117153d6fe88a0550c69caedf083fc4c9f2640b402479caf",
        "scope": "current-integrated-specification",
        "semantic_review": "selected-design-boundaries; full semantic equivalence not established"
      },
      {
        "path": "assurance/docs/engineering/adr/ADR-0002.ja.md",
        "sha256": "674f72c2186c0715a1167c52bed7946a2a0d1d56ee31980c99956be615d82288",
        "scope": "current-integrated-specification",
        "semantic_review": "selected-design-boundaries; full semantic equivalence not established"
      },
      {
        "path": "assurance/docs/engineering/adr/ADR-0003.ja.md",
        "sha256": "f94f243f87a7c9f2afe65057e229a87644056f0d3737c639a71d789785f2429d",
        "scope": "current-integrated-specification",
        "semantic_review": "selected-design-boundaries; full semantic equivalence not established"
      },
      {
        "path": "assurance/docs/engineering/adr/ADR-0004.ja.md",
        "sha256": "2bacef2504c0ae54e64d1c69191f657cee6d412fa464a50e4e17f8a6693a3ef8",
        "scope": "current-integrated-specification",
        "semantic_review": "selected-design-boundaries; full semantic equivalence not established"
      },
      {
        "path": "assurance/docs/engineering/adr/ADR-0005.ja.md",
        "sha256": "5905eaab46c1369de45b055b76c378e4cdd566730019ac57dd5837b0d10a2dad",
        "scope": "current-integrated-specification",
        "semantic_review": "selected-design-boundaries; full semantic equivalence not established"
      },
      {
        "path": "assurance/docs/engineering/adr/ADR-0006.ja.md",
        "sha256": "021287f205e33e39ce58a13b4876e774928b4823d67e2bbfb4c3eb37b786ac3c",
        "scope": "current-integrated-specification",
        "semantic_review": "selected-design-boundaries; full semantic equivalence not established"
      },
      {
        "path": "assurance/docs/engineering/adr/ADR-0007.ja.md",
        "sha256": "7865a1d59b6aa8c6306cf060f6f4bd6f9c93833f123510013a9d2db0b2ba81f8",
        "scope": "current-integrated-specification",
        "semantic_review": "selected-design-boundaries; full semantic equivalence not established"
      },
      {
        "path": "assurance/docs/engineering/adr/ADR-0008.ja.md",
        "sha256": "a5d539e87ca57e6bda7d22e9cbcd6bf24c15f1126dc8929ced971f7b267f16ee",
        "scope": "current-integrated-specification",
        "semantic_review": "selected-design-boundaries; full semantic equivalence not established"
      },
      {
        "path": "assurance/docs/engineering/adr/ADR-0009.ja.md",
        "sha256": "c4a9da62558c9da7798ce481600ccb08c3363884bddbf08a9435709d44c34103",
        "scope": "current-integrated-specification",
        "semantic_review": "selected-design-boundaries; full semantic equivalence not established"
      },
      {
        "path": "assurance/docs/engineering/adr/ADR-0010.ja.md",
        "sha256": "2595d38cbe02103a34da7832dfe09a721a69f81f2f3ac67b08fa487b36328a62",
        "scope": "current-integrated-specification",
        "semantic_review": "selected-design-boundaries; full semantic equivalence not established"
      },
      {
        "path": "assurance/docs/engineering/adr/ADR-0011.ja.md",
        "sha256": "2cc1eda762829a4d595d1c80c78c88f19996aea744222f84a5d6f5d20b4999a3",
        "scope": "current-integrated-specification",
        "semantic_review": "selected-design-boundaries; full semantic equivalence not established"
      },
      {
        "path": "assurance/docs/engineering/adr/ADR-0012.ja.md",
        "sha256": "d503b086e4a1728368c94d72d13fe74199c4a68ca8c24d4316f2e83c7e961a87",
        "scope": "current-integrated-specification",
        "semantic_review": "selected-design-boundaries; full semantic equivalence not established"
      },
      {
        "path": "assurance/docs/engineering/adr/ADR-0013.ja.md",
        "sha256": "1703ac6e6b131d0b099d79b220a1355328cd11e4e88d1f8a3c50ed3a350121ab",
        "scope": "current-integrated-specification",
        "semantic_review": "selected-design-boundaries; full semantic equivalence not established"
      },
      {
        "path": "assurance/docs/engineering/adr/ADR-0014.ja.md",
        "sha256": "992493cdd0136e8d758df0e7fe825b1a555b18505708064bae70b4a8d9a861c2",
        "scope": "current-integrated-specification",
        "semantic_review": "selected-design-boundaries; full semantic equivalence not established"
      },
      {
        "path": "assurance/docs/engineering/adr/ADR-0015.ja.md",
        "sha256": "797a0bcd8dc8e6346201fcd87b9e85b9848cd5e6d05547ffc0db57933dd66e3a",
        "scope": "current-integrated-specification",
        "semantic_review": "selected-design-boundaries; full semantic equivalence not established"
      },
      {
        "path": "assurance/docs/engineering/adr/ADR-0016.ja.md",
        "sha256": "a2641d35b967603f5f054cabe610ef5bcd761f991ebd370f830959b4d58831f8",
        "scope": "current-integrated-specification",
        "semantic_review": "selected-design-boundaries; full semantic equivalence not established"
      },
      {
        "path": "assurance/docs/engineering/adr/ADR-0017.ja.md",
        "sha256": "0a9d5b8915b5b374bc0803cde6e9a73e22c200b4308c0d89dfefba172951714c",
        "scope": "current-integrated-specification",
        "semantic_review": "selected-design-boundaries; full semantic equivalence not established"
      },
      {
        "path": "assurance/docs/engineering/adr/ADR-0018.ja.md",
        "sha256": "ce38405cc0b0d7f946b0171722ffc95ac75cb8116abd6963b14d615af451b52e",
        "scope": "current-integrated-specification",
        "semantic_review": "selected-design-boundaries; full semantic equivalence not established"
      },
      {
        "path": "assurance/docs/engineering/adr/ADR-0019.ja.md",
        "sha256": "a6ecb8a65d9305b0dec5e4c478647ff7fa3c63b8d66667adcf5ef11e274b414d",
        "scope": "current-integrated-specification",
        "semantic_review": "selected-design-boundaries; full semantic equivalence not established"
      },
      {
        "path": "assurance/docs/engineering/adr/ADR-0020.ja.md",
        "sha256": "3c60dcbae14e611742c84af8c367726f4a26b3b3ea3d9c777bf64a7a10f56f3c",
        "scope": "current-integrated-specification",
        "semantic_review": "selected-design-boundaries; full semantic equivalence not established"
      },
      {
        "path": "assurance/docs/engineering/adr/ADR-0021.ja.md",
        "sha256": "ef38e13fca5c7671658e454253fd2e527308e3cb7c6c9f51460e76af84ae9358",
        "scope": "current-integrated-specification",
        "semantic_review": "selected-design-boundaries; full semantic equivalence not established"
      },
      {
        "path": "assurance/docs/engineering/adr/ADR-0022.ja.md",
        "sha256": "a7ef353d3e7b71c640bcf6fc32c12acd03386c4c215f4fb2611a1fa64853a6e2",
        "scope": "current-integrated-specification",
        "semantic_review": "selected-design-boundaries; full semantic equivalence not established"
      },
      {
        "path": "assurance/docs/engineering/adr/ADR-0023.ja.md",
        "sha256": "e6bcfcfe9dadd55889beb1ba34d48d327be373ab6db13cbfa56f0d99cdbf3b88",
        "scope": "current-integrated-specification",
        "semantic_review": "selected-design-boundaries; full semantic equivalence not established"
      },
      {
        "path": "assurance/docs/engineering/adr/ADR-0024.ja.md",
        "sha256": "de7eb439e4b5cb826895c09510412a2acb508fb1df71b72d47e5272fd5f6bc9d",
        "scope": "current-integrated-specification",
        "semantic_review": "selected-design-boundaries; full semantic equivalence not established"
      },
      {
        "path": "assurance/docs/engineering/adr/ADR-0025.ja.md",
        "sha256": "bbff826c679b091cb868ac3d780c627fca67b934f8ba67b8fc4bea44d3abcfd1",
        "scope": "current-integrated-specification",
        "semantic_review": "selected-design-boundaries; full semantic equivalence not established"
      },
      {
        "path": "assurance/docs/engineering/adr/ADR-0026.ja.md",
        "sha256": "440209af158c89639835aa56eed15aa7e36758b7336e6ac1c88ce76f4bc8928b",
        "scope": "current-integrated-specification",
        "semantic_review": "selected-design-boundaries; full semantic equivalence not established"
      },
      {
        "path": "assurance/docs/engineering/adr/ADR-0027.ja.md",
        "sha256": "dd4a8f127ee657f570802c961f0dd8d64782fb3b32bce036b7e7236160c39f44",
        "scope": "current-integrated-specification",
        "semantic_review": "selected-design-boundaries; full semantic equivalence not established"
      },
      {
        "path": "assurance/docs/engineering/adr/README.ja.md",
        "sha256": "51b744f0c4377839a58df51de0c49138ac9d4e2c5fc99ff0ae9f2c78aec33cb9",
        "scope": "current-integrated-specification",
        "semantic_review": "selected-design-boundaries; full semantic equivalence not established"
      },
      {
        "path": "assurance/docs/engineering/runbooks/RB-001.ja.md",
        "sha256": "4938f06727f0178ba395695b54471f9d9462028ee1efeca6111734015e7040b8",
        "scope": "current-integrated-specification",
        "semantic_review": "selected-design-boundaries; full semantic equivalence not established"
      },
      {
        "path": "assurance/docs/engineering/runbooks/RB-002.ja.md",
        "sha256": "fc72a70c0d14424501817adf8496a2b697411ad62c5ba05303259cf954c349a0",
        "scope": "current-integrated-specification",
        "semantic_review": "selected-design-boundaries; full semantic equivalence not established"
      },
      {
        "path": "assurance/docs/engineering/runbooks/RB-003.ja.md",
        "sha256": "53575ea285a0bac3b34225da8eb434a322398f48b789e78b9ed3e52912760b5c",
        "scope": "current-integrated-specification",
        "semantic_review": "selected-design-boundaries; full semantic equivalence not established"
      },
      {
        "path": "assurance/docs/engineering/runbooks/RB-004.ja.md",
        "sha256": "407b963fb082f023890872ae53c4d7738c853825c77dfb97688e5ddfc63ab487",
        "scope": "current-integrated-specification",
        "semantic_review": "selected-design-boundaries; full semantic equivalence not established"
      },
      {
        "path": "assurance/docs/engineering/runbooks/RB-005.ja.md",
        "sha256": "47058c7428e5ae15873db790fe174049676117b9063bd8431343268def5ae0d1",
        "scope": "current-integrated-specification",
        "semantic_review": "selected-design-boundaries; full semantic equivalence not established"
      },
      {
        "path": "assurance/docs/engineering/runbooks/RB-006.ja.md",
        "sha256": "185b623b514e07bc6e81c03953da5f69182231cad837fc2899b7e51e5cd22c52",
        "scope": "current-integrated-specification",
        "semantic_review": "selected-design-boundaries; full semantic equivalence not established"
      },
      {
        "path": "assurance/docs/engineering/runbooks/RB-007.ja.md",
        "sha256": "f851bc195c7da7444faea6965a5070a7e1e9431fe0a40f51bbaf2a9905d9ada6",
        "scope": "current-integrated-specification",
        "semantic_review": "selected-design-boundaries; full semantic equivalence not established"
      },
      {
        "path": "assurance/docs/engineering/runbooks/RB-008.ja.md",
        "sha256": "3ae8dc1d2b0eeb67245bd59684987aad373c161545370d83f4e5781127797508",
        "scope": "current-integrated-specification",
        "semantic_review": "selected-design-boundaries; full semantic equivalence not established"
      },
      {
        "path": "assurance/docs/engineering/runbooks/RB-009.ja.md",
        "sha256": "ff456873759a83785d4993ff813e7265146c3d4af3326a21415a924151735679",
        "scope": "current-integrated-specification",
        "semantic_review": "selected-design-boundaries; full semantic equivalence not established"
      },
      {
        "path": "assurance/docs/engineering/runbooks/RB-010.ja.md",
        "sha256": "11aef5ee1580bb4bde099b7f301259686d19860c8f9a69f6d4b2d609c5cd2b67",
        "scope": "current-integrated-specification",
        "semantic_review": "selected-design-boundaries; full semantic equivalence not established"
      },
      {
        "path": "assurance/docs/engineering/runbooks/RB-011.ja.md",
        "sha256": "26b3ec5e120c48678ba4532b0bc9f92208b5ff3ce1931807474c4ddb69a48923",
        "scope": "current-integrated-specification",
        "semantic_review": "selected-design-boundaries; full semantic equivalence not established"
      },
      {
        "path": "assurance/docs/engineering/runbooks/RB-012.ja.md",
        "sha256": "235815ac598230b41707baa5d69b20f81c6ec9bfeabdf43cf7d924a183ebbe52",
        "scope": "current-integrated-specification",
        "semantic_review": "selected-design-boundaries; full semantic equivalence not established"
      },
      {
        "path": "assurance/docs/engineering/runbooks/RB-013.ja.md",
        "sha256": "0e3839cbf72bf65122de945bb4f399511f8859085eaf97b4f18db8f1c600c3da",
        "scope": "current-integrated-specification",
        "semantic_review": "selected-design-boundaries; full semantic equivalence not established"
      },
      {
        "path": "assurance/docs/engineering/runbooks/README.ja.md",
        "sha256": "20447bc93c2382e9280492df165e5d9536fd019eb04b38fdecc9765c20ce9f55",
        "scope": "current-integrated-specification",
        "semantic_review": "selected-design-boundaries; full semantic equivalence not established"
      },
      {
        "path": "assurance/docs/engineering/specs/acid-contract.ja.md",
        "sha256": "561da3a7592126ed38e29d7401dce75a0dde61ae35967a0dc9db49b55af67072",
        "scope": "current-integrated-specification",
        "semantic_review": "selected-design-boundaries; full semantic equivalence not established"
      },
      {
        "path": "assurance/docs/engineering/specs/architecture.ja.md",
        "sha256": "caaea7bea1a4bf1005b90eb42a1a08e7405248296e42d8d8e0bf6b9f2b5487e9",
        "scope": "current-integrated-specification",
        "semantic_review": "selected-design-boundaries; full semantic equivalence not established"
      },
      {
        "path": "assurance/docs/engineering/specs/capability-matrix.ja.md",
        "sha256": "7b12f759956efd36e3377a9da03b85eb33d55e558e2c3af70f107cf1a1c9f9cc",
        "scope": "current-integrated-specification",
        "semantic_review": "selected-design-boundaries; full semantic equivalence not established"
      },
      {
        "path": "assurance/docs/engineering/specs/connector-contracts.ja.md",
        "sha256": "5c7dab8799d6fc444e83463087dd75a1a1b9ad38a45fe9ee500ea8e529ea241a",
        "scope": "current-integrated-specification",
        "semantic_review": "selected-design-boundaries; full semantic equivalence not established"
      },
      {
        "path": "assurance/docs/engineering/specs/continuation.ja.md",
        "sha256": "80a4e2ba1d9c0ce082b38856c43e2cc96021772d09df464d98b638deb00c189a",
        "scope": "current-integrated-specification",
        "semantic_review": "selected-design-boundaries; full semantic equivalence not established"
      },
      {
        "path": "assurance/docs/engineering/specs/development.ja.md",
        "sha256": "605b2364cb6fdd4a727a35ca1c8cec5c2ca50afd8d9174610f25f2eb1dd22291",
        "scope": "current-integrated-specification",
        "semantic_review": "selected-design-boundaries; full semantic equivalence not established"
      },
      {
        "path": "assurance/docs/engineering/specs/failure-model.ja.md",
        "sha256": "e1a2f0d99362095ca7dde6504aa0e7f3df3c3551f67a744cba502c5a859311fd",
        "scope": "current-integrated-specification",
        "semantic_review": "selected-design-boundaries; full semantic equivalence not established"
      },
      {
        "path": "assurance/docs/engineering/specs/observability.ja.md",
        "sha256": "40774b639f0dfea3a6101579cc239d334c59801099810e5cea909ddfbfc134fd",
        "scope": "current-integrated-specification",
        "semantic_review": "selected-design-boundaries; full semantic equivalence not established"
      },
      {
        "path": "assurance/docs/engineering/specs/proof-plan.ja.md",
        "sha256": "a6c71892defd701559a036ecaa1e8590a6b2072883c661938ef09ea30dbd4d73",
        "scope": "current-integrated-specification",
        "semantic_review": "selected-design-boundaries; full semantic equivalence not established"
      },
      {
        "path": "assurance/docs/engineering/specs/recovery-protocol.ja.md",
        "sha256": "516e19037c4f033484a057a28027955b86b6fa733318849f58af2539348f7ef8",
        "scope": "current-integrated-specification",
        "semantic_review": "selected-design-boundaries; full semantic equivalence not established"
      },
      {
        "path": "assurance/docs/engineering/specs/release-migration.ja.md",
        "sha256": "ace0994f50e1d130a7c1128536b41d5694d101c3eedc096b5aa80ff06a568ff7",
        "scope": "current-integrated-specification",
        "semantic_review": "selected-design-boundaries; full semantic equivalence not established"
      },
      {
        "path": "assurance/docs/engineering/specs/security.ja.md",
        "sha256": "435c9ea17b0d137e102f2a98c497bb6d847214b638fd5fba8d41143fdcc8db1f",
        "scope": "current-integrated-specification",
        "semantic_review": "selected-design-boundaries; full semantic equivalence not established"
      },
      {
        "path": "assurance/docs/engineering/specs/storage-formats.ja.md",
        "sha256": "9d9aee59ce52fd7400aa5092927c91841b7c012aa43cf1c9330b1e971a66fb1f",
        "scope": "current-integrated-specification",
        "semantic_review": "selected-design-boundaries; full semantic equivalence not established"
      },
      {
        "path": "assurance/docs/engineering/specs/unified-management.ja.md",
        "sha256": "27d226399d40c7c182d09351f9d93cd62f21e8276971bde8596cbe367e72d9e5",
        "scope": "current-integrated-specification",
        "semantic_review": "selected-design-boundaries; full semantic equivalence not established"
      },
      {
        "path": "assurance/docs/engineering/specs/verification.ja.md",
        "sha256": "932f5217348592f6f8760e417b2e2fad0063072be7aa8848458a051028003b6c",
        "scope": "current-integrated-specification",
        "semantic_review": "selected-design-boundaries; full semantic equivalence not established"
      },
      {
        "path": "assurance/docs/engineering/templates/ADR-template.ja.md",
        "sha256": "5026c9e8ebce2ed37b9c1dad681018a689f01113e9bdcd3344500bf2d8c1fa1e",
        "scope": "current-integrated-specification",
        "semantic_review": "selected-design-boundaries; full semantic equivalence not established"
      },
      {
        "path": "assurance/docs/engineering/templates/change-review.ja.md",
        "sha256": "d6828952590b22923437142a20bceeeaad0ad9162a85321c446b5a830f133988",
        "scope": "current-integrated-specification",
        "semantic_review": "selected-design-boundaries; full semantic equivalence not established"
      },
      {
        "path": "assurance/docs/engineering/templates/incident.ja.md",
        "sha256": "267a9c8b527d9dac4eef8950ebf95befbf32f6fdc63b38f6f528788870dd78e2",
        "scope": "current-integrated-specification",
        "semantic_review": "selected-design-boundaries; full semantic equivalence not established"
      },
      {
        "path": "assurance/docs/history/distro-foundation-readme.ja.md",
        "sha256": "36dd3ec16259279184e46350e2b3f5f2fcf436359b66004888027d0c7b13ec99",
        "scope": "legacy-or-component-document-check-current-capability-matrix",
        "semantic_review": "selected-design-boundaries; full semantic equivalence not established"
      },
      {
        "path": "assurance/docs/history-v1/README.md",
        "sha256": "5cb2410ea1d5be2174acc4fa6d72faa7d5ecd4106fcd053a93c6625c2b3f7e54",
        "scope": "legacy-or-component-document-check-current-capability-matrix",
        "semantic_review": "selected-design-boundaries; full semantic equivalence not established"
      },
      {
        "path": "assurance/fixtures/README.md",
        "sha256": "57252af4c5e82d09153f51ba3be2eb16c4bf37ef9b93098613130e1d9a2e03d2",
        "scope": "legacy-or-component-document-check-current-capability-matrix",
        "semantic_review": "selected-design-boundaries; full semantic equivalence not established"
      },
      {
        "path": "assurance/fixtures/qualification-v1/README.ja.md",
        "sha256": "a511402bf3f824d74bc231a4069efc4e95c25b83b018e760df5fd22544b49c9b",
        "scope": "legacy-or-component-document-check-current-capability-matrix",
        "semantic_review": "selected-design-boundaries; full semantic equivalence not established"
      },
      {
        "path": "assurance/fixtures/stop-v1/README.ja.md",
        "sha256": "9c1183e280aa936e22aa12615e376f187e5139a0fe2db0ead63a073c5c8e7055",
        "scope": "legacy-or-component-document-check-current-capability-matrix",
        "semantic_review": "selected-design-boundaries; full semantic equivalence not established"
      },
      {
        "path": "assurance/packaging/README.ja.md",
        "sha256": "f0e69c6bfbed94f87e16a4216ae96304dee1d397ddb12c6604eaa56d04acde51",
        "scope": "legacy-or-component-document-check-current-capability-matrix",
        "semantic_review": "selected-design-boundaries; full semantic equivalence not established"
      },
      {
        "path": "assurance/tests/fixtures/control-v1/README.md",
        "sha256": "de9ef1500d57389994ea11b938dff1203cd8f3454fadb104fdd06d6afb362411",
        "scope": "legacy-or-component-document-check-current-capability-matrix",
        "semantic_review": "selected-design-boundaries; full semantic equivalence not established"
      },
      {
        "path": "pkgcore/CONTRIBUTING.md",
        "sha256": "20c0a11376da06b9b5c023f8d28f8452c175a0cd36498e3ff26212c7e9d8ab51",
        "scope": "legacy-or-component-document-check-current-capability-matrix",
        "semantic_review": "selected-design-boundaries; full semantic equivalence not established"
      },
      {
        "path": "pkgcore/README.md",
        "sha256": "52edfd02b54bbcbb49711ba7230e1b782b99f46f451406a565355eb36a51d177",
        "scope": "legacy-or-component-document-check-current-capability-matrix",
        "semantic_review": "selected-design-boundaries; full semantic equivalence not established"
      },
      {
        "path": "pkgcore/SECURITY.md",
        "sha256": "ce6aa928c275d342811638e598d9138562e854b7184ce7483209375092ef551c",
        "scope": "legacy-or-component-document-check-current-capability-matrix",
        "semantic_review": "selected-design-boundaries; full semantic equivalence not established"
      },
      {
        "path": "pkgcore/docs/backup-retention.ja.md",
        "sha256": "5660b00fab7fb2e7513256078af63667d4ae89ca3c33592b557bfb942d7ed037",
        "scope": "legacy-or-component-document-check-current-capability-matrix",
        "semantic_review": "selected-design-boundaries; full semantic equivalence not established"
      },
      {
        "path": "pkgcore/docs/enterprise-maintenance-model.ja.md",
        "sha256": "6718811daeaec079e188b90fd3620d44f050533bb28bfa03d8a31b68b68a8b59",
        "scope": "legacy-or-component-document-check-current-capability-matrix",
        "semantic_review": "selected-design-boundaries; full semantic equivalence not established"
      },
      {
        "path": "pkgcore/docs/operations-v2.ja.md",
        "sha256": "5201fd8e3aa4e7071d8594a24db28b8093632d6aa162399ef0009d12cff9b3bd",
        "scope": "legacy-or-component-document-check-current-capability-matrix",
        "semantic_review": "selected-design-boundaries; full semantic equivalence not established"
      },
      {
        "path": "pkgcore/docs/quiescent-execution.ja.md",
        "sha256": "d162baf5c9e76b0261c4641e9e9d98a2169d28182b862a2485a837ab2983fbce",
        "scope": "legacy-or-component-document-check-current-capability-matrix",
        "semantic_review": "selected-design-boundaries; full semantic equivalence not established"
      },
      {
        "path": "pkgcore/docs/recovery.md",
        "sha256": "70bb8eb934540e84fdd20bfd758a9736fa3c95fc0ff07813787d678101c4fa25",
        "scope": "legacy-or-component-document-check-current-capability-matrix",
        "semantic_review": "selected-design-boundaries; full semantic equivalence not established"
      },
      {
        "path": "pkgcore/docs/rpm-compatibility.md",
        "sha256": "ec940496737021ddcfcb7eb9fcfcc4cbd243bcec46aeeb74a7905d14394a11ba",
        "scope": "legacy-or-component-document-check-current-capability-matrix",
        "semantic_review": "selected-design-boundaries; full semantic equivalence not established"
      },
      {
        "path": "pkgcore/docs/self-repair.ja.md",
        "sha256": "cd8149150949b97e9e9be83a9c69d13916fdba1ac3ba39685bc109bfccc0d6d7",
        "scope": "legacy-or-component-document-check-current-capability-matrix",
        "semantic_review": "selected-design-boundaries; full semantic equivalence not established"
      },
      {
        "path": "pkgcore/docs/system-composition.ja.md",
        "sha256": "02f4da24b14df9c73cc56d0f56fae69da781ccc0daa701781c5f244c0278d693",
        "scope": "legacy-or-component-document-check-current-capability-matrix",
        "semantic_review": "selected-design-boundaries; full semantic equivalence not established"
      },
      {
        "path": "pkgcore/packaging/README.ja.md",
        "sha256": "6e44f895f78a9a4a4e4e854da433ff967b00ea4b83dfc4b78f049be24fced99b",
        "scope": "legacy-or-component-document-check-current-capability-matrix",
        "semantic_review": "selected-design-boundaries; full semantic equivalence not established"
      },
      {
        "path": "pkgcore/vendor/contracts/README.md",
        "sha256": "31d71ed601537d8f99dc9aee9c53c5ccc30f03bbfcf54fe98e2be9036238eb52",
        "scope": "legacy-or-component-document-check-current-capability-matrix",
        "semantic_review": "selected-design-boundaries; full semantic equivalence not established"
      },
      {
        "path": "statecore/CONTRIBUTING.md",
        "sha256": "20c0a11376da06b9b5c023f8d28f8452c175a0cd36498e3ff26212c7e9d8ab51",
        "scope": "legacy-or-component-document-check-current-capability-matrix",
        "semantic_review": "selected-design-boundaries; full semantic equivalence not established"
      },
      {
        "path": "statecore/README.md",
        "sha256": "75317193dba072f5b6cbb333ce7d44032dcacf0caa0e5283edd68f4fef7f6691",
        "scope": "legacy-or-component-document-check-current-capability-matrix",
        "semantic_review": "selected-design-boundaries; full semantic equivalence not established"
      },
      {
        "path": "statecore/SECURITY.md",
        "sha256": "ce6aa928c275d342811638e598d9138562e854b7184ce7483209375092ef551c",
        "scope": "legacy-or-component-document-check-current-capability-matrix",
        "semantic_review": "selected-design-boundaries; full semantic equivalence not established"
      },
      {
        "path": "statecore/docs/boot-readiness.ja.md",
        "sha256": "d202c55be3fac932917793f520e992a17465f5970c00d23f35c6784fc57627a4",
        "scope": "legacy-or-component-document-check-current-capability-matrix",
        "semantic_review": "selected-design-boundaries; full semantic equivalence not established"
      },
      {
        "path": "statecore/docs/cluster-contract.md",
        "sha256": "e30baf2c74fd57b2675bbfb660fdbb080cd2f22d198332516749bb72cd555ada",
        "scope": "legacy-or-component-document-check-current-capability-matrix",
        "semantic_review": "selected-design-boundaries; full semantic equivalence not established"
      },
      {
        "path": "statecore/docs/cluster-resilience.ja.md",
        "sha256": "c16875a2194cc607c20033162a04ee27e1fa4d094bbf5b410b5fa6e3327684d2",
        "scope": "legacy-or-component-document-check-current-capability-matrix",
        "semantic_review": "selected-design-boundaries; full semantic equivalence not established"
      },
      {
        "path": "statecore/docs/cluster-v2.ja.md",
        "sha256": "616c504ddfd0c845a3c470963121aaad24556934e302dd1cc55a7de04c526538",
        "scope": "legacy-or-component-document-check-current-capability-matrix",
        "semantic_review": "selected-design-boundaries; full semantic equivalence not established"
      },
      {
        "path": "statecore/docs/etcd-pinning-and-guards.ja.md",
        "sha256": "9e75aab1888c9fbf63902a0a75357b94372db453623bce1fb8df031c95d2ca8c",
        "scope": "legacy-or-component-document-check-current-capability-matrix",
        "semantic_review": "selected-design-boundaries; full semantic equivalence not established"
      },
      {
        "path": "statecore/docs/kernel-and-boot-maintenance.ja.md",
        "sha256": "af7e0dc57a231f15a3de0131d8c3b0d5957ff53c727a528778d04f638a7db839",
        "scope": "legacy-or-component-document-check-current-capability-matrix",
        "semantic_review": "selected-design-boundaries; full semantic equivalence not established"
      },
      {
        "path": "statecore/docs/network-transactions.ja.md",
        "sha256": "5ab536249d66950939eed6f06b8e1795f0bd2515154f0adc302443181722da20",
        "scope": "legacy-or-component-document-check-current-capability-matrix",
        "semantic_review": "selected-design-boundaries; full semantic equivalence not established"
      },
      {
        "path": "statecore/docs/platform-admission.ja.md",
        "sha256": "311602ef6f1d50c2b9af7c90bcfbcb3afadfd2de6430e1c352b666fcc69379b2",
        "scope": "legacy-or-component-document-check-current-capability-matrix",
        "semantic_review": "selected-design-boundaries; full semantic equivalence not established"
      },
      {
        "path": "statecore/docs/ras-and-workload.ja.md",
        "sha256": "cc76cb1e93f5a1a63f53e0898faa73415fa7669d52f219fae004151463862207",
        "scope": "legacy-or-component-document-check-current-capability-matrix",
        "semantic_review": "selected-design-boundaries; full semantic equivalence not established"
      },
      {
        "path": "statecore/docs/readmission-and-disaster.ja.md",
        "sha256": "37162664f0d1304cd50c0462017699bc4bea452f6a52bac402cde9e6b9e38f5d",
        "scope": "legacy-or-component-document-check-current-capability-matrix",
        "semantic_review": "selected-design-boundaries; full semantic equivalence not established"
      },
      {
        "path": "statecore/docs/service-recovery.ja.md",
        "sha256": "03764dce0b97e5f7f78508ddf70ec234097dddab4fd38ed98f01af7d5c9be823",
        "scope": "legacy-or-component-document-check-current-capability-matrix",
        "semantic_review": "selected-design-boundaries; full semantic equivalence not established"
      },
      {
        "path": "statecore/examples/README.ja.md",
        "sha256": "705f4e0678ada8c860958d463642e91b3df1509eb16a28c903cf18455ea1ce19",
        "scope": "legacy-or-component-document-check-current-capability-matrix",
        "semantic_review": "selected-design-boundaries; full semantic equivalence not established"
      },
      {
        "path": "statecore/packaging/README.ja.md",
        "sha256": "d3a1892a3d77b9635b768e6e94f585eabc9b9a0de686f8f51303dc5e1c5a9d3d",
        "scope": "legacy-or-component-document-check-current-capability-matrix",
        "semantic_review": "selected-design-boundaries; full semantic equivalence not established"
      },
      {
        "path": "statecore/vendor/contracts/README.md",
        "sha256": "31d71ed601537d8f99dc9aee9c53c5ccc30f03bbfcf54fe98e2be9036238eb52",
        "scope": "legacy-or-component-document-check-current-capability-matrix",
        "semantic_review": "selected-design-boundaries; full semantic equivalence not established"
      },
      {
        "path": "controlcore/README.ja.md",
        "sha256": "cae86a39c8647f1a7f9ce25bb7367fa7071e588365a0e6242ca19644f41baf08",
        "scope": "current-integrated-specification",
        "semantic_review": "selected-design-boundaries; full semantic equivalence not established"
      },
      {
        "path": "controlcore/SECURITY.md",
        "sha256": "44dda89d9e2d0fb439f3aba9a079af710d13015e23a89cf60866381e0dc47e2e",
        "scope": "current-integrated-specification",
        "semantic_review": "selected-design-boundaries; full semantic equivalence not established"
      },
      {
        "path": "controlcore/docs/architecture.ja.md",
        "sha256": "80fdfcbdc9d8e546e9b3a5ad27afa7075389030598078b92540dd3889d63e29f",
        "scope": "current-integrated-specification",
        "semantic_review": "selected-design-boundaries; full semantic equivalence not established"
      },
      {
        "path": "controlcore/docs/operations.ja.md",
        "sha256": "2cbe41451465a16e6495eb1ae1c085b22aae45d039552abbd9067e3eac25dce0",
        "scope": "current-integrated-specification",
        "semantic_review": "selected-design-boundaries; full semantic equivalence not established"
      },
      {
        "path": "controlcore/docs/protocol.ja.md",
        "sha256": "b06a14645c66d4f68bbfd7f327c67f0cf80bbf28034c797b40b11c1d7e22483d",
        "scope": "current-integrated-specification",
        "semantic_review": "selected-design-boundaries; full semantic equivalence not established"
      },
      {
        "path": "controlcore/docs/verification.ja.md",
        "sha256": "06b0a6a6438ce809da092d0af970a281859652ff6e3bb2eb49fab5919fa29310",
        "scope": "current-integrated-specification",
        "semantic_review": "selected-design-boundaries; full semantic equivalence not established"
      },
      {
        "path": "controlcore/tests/fixtures/README.md",
        "sha256": "4e254c7f8d7fb42c1b3f87bf66065e9160c0ed4b4f085ae2334a277e1dedfd6e",
        "scope": "current-integrated-specification",
        "semantic_review": "selected-design-boundaries; full semantic equivalence not established"
      }
    ],
    "local_links": [
      {
        "source": "assurance/README.md",
        "target": "../assurance/docs/engineering/specs/capability-matrix.ja.md",
        "result": "pass"
      },
      {
        "source": "assurance/README.md",
        "target": "../assurance/docs/engineering/specs/release-migration.ja.md",
        "result": "pass"
      },
      {
        "source": "assurance/docs/build-and-test.ja.md",
        "target": "engineering/specs/development.ja.md",
        "result": "pass"
      },
      {
        "source": "assurance/docs/build-and-test.ja.md",
        "target": "../../controlcore/docs/verification.ja.md",
        "result": "pass"
      },
      {
        "source": "assurance/docs/build-and-test.ja.md",
        "target": "../../controlcore/docs/operations.ja.md",
        "result": "pass"
      },
      {
        "source": "assurance/docs/distro-foundation.ja.md",
        "target": "engineering/specs/unified-management.ja.md",
        "result": "pass"
      },
      {
        "source": "assurance/docs/distro-migration.ja.md",
        "target": "engineering/specs/unified-management.ja.md",
        "result": "pass"
      },
      {
        "source": "assurance/docs/protocol.md",
        "target": "../../controlcore/docs/protocol.ja.md",
        "result": "pass"
      },
      {
        "source": "assurance/docs/stop-barrier.ja.md",
        "target": "engineering/specs/unified-management.ja.md",
        "result": "pass"
      },
      {
        "source": "assurance/docs/engineering/README.ja.md",
        "target": "specs/architecture.ja.md",
        "result": "pass"
      },
      {
        "source": "assurance/docs/engineering/README.ja.md",
        "target": "specs/failure-model.ja.md",
        "result": "pass"
      },
      {
        "source": "assurance/docs/engineering/README.ja.md",
        "target": "specs/recovery-protocol.ja.md",
        "result": "pass"
      },
      {
        "source": "assurance/docs/engineering/README.ja.md",
        "target": "specs/acid-contract.ja.md",
        "result": "pass"
      },
      {
        "source": "assurance/docs/engineering/README.ja.md",
        "target": "specs/storage-formats.ja.md",
        "result": "pass"
      },
      {
        "source": "assurance/docs/engineering/README.ja.md",
        "target": "specs/connector-contracts.ja.md",
        "result": "pass"
      },
      {
        "source": "assurance/docs/engineering/README.ja.md",
        "target": "specs/security.ja.md",
        "result": "pass"
      },
      {
        "source": "assurance/docs/engineering/README.ja.md",
        "target": "specs/verification.ja.md",
        "result": "pass"
      },
      {
        "source": "assurance/docs/engineering/README.ja.md",
        "target": "specs/proof-plan.ja.md",
        "result": "pass"
      },
      {
        "source": "assurance/docs/engineering/README.ja.md",
        "target": "specs/development.ja.md",
        "result": "pass"
      },
      {
        "source": "assurance/docs/engineering/README.ja.md",
        "target": "specs/release-migration.ja.md",
        "result": "pass"
      },
      {
        "source": "assurance/docs/engineering/README.ja.md",
        "target": "specs/continuation.ja.md",
        "result": "pass"
      },
      {
        "source": "assurance/docs/engineering/README.ja.md",
        "target": "adr/README.ja.md",
        "result": "pass"
      },
      {
        "source": "assurance/docs/engineering/README.ja.md",
        "target": "runbooks/README.ja.md",
        "result": "pass"
      },
      {
        "source": "assurance/docs/engineering/README.ja.md",
        "target": "api-index.ja.md",
        "result": "pass"
      },
      {
        "source": "assurance/docs/engineering/README.ja.md",
        "target": "specs/unified-management.ja.md",
        "result": "pass"
      },
      {
        "source": "assurance/docs/engineering/README.ja.md",
        "target": "specs/capability-matrix.ja.md",
        "result": "pass"
      },
      {
        "source": "assurance/docs/engineering/README.ja.md",
        "target": "unified-change-review.ja.md",
        "result": "pass"
      },
      {
        "source": "assurance/docs/engineering/api-index.ja.md",
        "target": "../../../assurance/app/assure.adb",
        "result": "pass"
      },
      {
        "source": "assurance/docs/engineering/api-index.ja.md",
        "target": "../../../assurance/app/contract_lock.adb",
        "result": "pass"
      },
      {
        "source": "assurance/docs/engineering/api-index.ja.md",
        "target": "../../../assurance/app/contract_lock.ads",
        "result": "pass"
      },
      {
        "source": "assurance/docs/engineering/api-index.ja.md",
        "target": "../../../assurance/app/controlctl.adb",
        "result": "pass"
      },
      {
        "source": "assurance/docs/engineering/api-index.ja.md",
        "target": "../../../assurance/app/platformctl.adb",
        "result": "pass"
      },
      {
        "source": "assurance/docs/engineering/api-index.ja.md",
        "target": "../../../assurance/runtime/mc_admin.adb",
        "result": "pass"
      },
      {
        "source": "assurance/docs/engineering/api-index.ja.md",
        "target": "../../../assurance/runtime/mc_admin.ads",
        "result": "pass"
      },
      {
        "source": "assurance/docs/engineering/api-index.ja.md",
        "target": "../../../assurance/runtime/mc_atomic.adb",
        "result": "pass"
      },
      {
        "source": "assurance/docs/engineering/api-index.ja.md",
        "target": "../../../assurance/runtime/mc_atomic.ads",
        "result": "pass"
      },
      {
        "source": "assurance/docs/engineering/api-index.ja.md",
        "target": "../../../assurance/runtime/mc_authentic.adb",
        "result": "pass"
      },
      {
        "source": "assurance/docs/engineering/api-index.ja.md",
        "target": "../../../assurance/runtime/mc_authentic.ads",
        "result": "pass"
      },
      {
        "source": "assurance/docs/engineering/api-index.ja.md",
        "target": "../../../assurance/runtime/mc_checkpoint_store.adb",
        "result": "pass"
      },
      {
        "source": "assurance/docs/engineering/api-index.ja.md",
        "target": "../../../assurance/runtime/mc_checkpoint_store.ads",
        "result": "pass"
      },
      {
        "source": "assurance/docs/engineering/api-index.ja.md",
        "target": "../../../assurance/runtime/mc_cli.adb",
        "result": "pass"
      },
      {
        "source": "assurance/docs/engineering/api-index.ja.md",
        "target": "../../../assurance/runtime/mc_cli.ads",
        "result": "pass"
      },
      {
        "source": "assurance/docs/engineering/api-index.ja.md",
        "target": "../../../assurance/runtime/mc_clock.adb",
        "result": "pass"
      },
      {
        "source": "assurance/docs/engineering/api-index.ja.md",
        "target": "../../../assurance/runtime/mc_clock.ads",
        "result": "pass"
      },
      {
        "source": "assurance/docs/engineering/api-index.ja.md",
        "target": "../../../assurance/runtime/mc_command.adb",
        "result": "pass"
      },
      {
        "source": "assurance/docs/engineering/api-index.ja.md",
        "target": "../../../assurance/runtime/mc_command.ads",
        "result": "pass"
      },
      {
        "source": "assurance/docs/engineering/api-index.ja.md",
        "target": "../../../assurance/runtime/mc_control_io.adb",
        "result": "pass"
      },
      {
        "source": "assurance/docs/engineering/api-index.ja.md",
        "target": "../../../assurance/runtime/mc_control_io.ads",
        "result": "pass"
      },
      {
        "source": "assurance/docs/engineering/api-index.ja.md",
        "target": "../../../assurance/runtime/mc_durable.adb",
        "result": "pass"
      },
      {
        "source": "assurance/docs/engineering/api-index.ja.md",
        "target": "../../../assurance/runtime/mc_durable.ads",
        "result": "pass"
      },
      {
        "source": "assurance/docs/engineering/api-index.ja.md",
        "target": "../../../assurance/runtime/mc_fault_auth.adb",
        "result": "pass"
      },
      {
        "source": "assurance/docs/engineering/api-index.ja.md",
        "target": "../../../assurance/runtime/mc_fault_auth.ads",
        "result": "pass"
      },
      {
        "source": "assurance/docs/engineering/api-index.ja.md",
        "target": "../../../assurance/runtime/mc_file_io.adb",
        "result": "pass"
      },
      {
        "source": "assurance/docs/engineering/api-index.ja.md",
        "target": "../../../assurance/runtime/mc_file_io.ads",
        "result": "pass"
      },
      {
        "source": "assurance/docs/engineering/api-index.ja.md",
        "target": "../../../assurance/runtime/mc_fs.adb",
        "result": "pass"
      },
      {
        "source": "assurance/docs/engineering/api-index.ja.md",
        "target": "../../../assurance/runtime/mc_fs.ads",
        "result": "pass"
      },
      {
        "source": "assurance/docs/engineering/api-index.ja.md",
        "target": "../../../assurance/runtime/mc_gate.adb",
        "result": "pass"
      },
      {
        "source": "assurance/docs/engineering/api-index.ja.md",
        "target": "../../../assurance/runtime/mc_gate.ads",
        "result": "pass"
      },
      {
        "source": "assurance/docs/engineering/api-index.ja.md",
        "target": "../../../assurance/runtime/mc_https.adb",
        "result": "pass"
      },
      {
        "source": "assurance/docs/engineering/api-index.ja.md",
        "target": "../../../assurance/runtime/mc_https.ads",
        "result": "pass"
      },
      {
        "source": "assurance/docs/engineering/api-index.ja.md",
        "target": "../../../assurance/runtime/mc_ingress.adb",
        "result": "pass"
      },
      {
        "source": "assurance/docs/engineering/api-index.ja.md",
        "target": "../../../assurance/runtime/mc_ingress.ads",
        "result": "pass"
      },
      {
        "source": "assurance/docs/engineering/api-index.ja.md",
        "target": "../../../assurance/runtime/mc_kernel_read.adb",
        "result": "pass"
      },
      {
        "source": "assurance/docs/engineering/api-index.ja.md",
        "target": "../../../assurance/runtime/mc_kernel_read.ads",
        "result": "pass"
      },
      {
        "source": "assurance/docs/engineering/api-index.ja.md",
        "target": "../../../assurance/runtime/mc_keys.adb",
        "result": "pass"
      },
      {
        "source": "assurance/docs/engineering/api-index.ja.md",
        "target": "../../../assurance/runtime/mc_keys.ads",
        "result": "pass"
      },
      {
        "source": "assurance/docs/engineering/api-index.ja.md",
        "target": "../../../assurance/runtime/mc_layout.adb",
        "result": "pass"
      },
      {
        "source": "assurance/docs/engineering/api-index.ja.md",
        "target": "../../../assurance/runtime/mc_layout.ads",
        "result": "pass"
      },
      {
        "source": "assurance/docs/engineering/api-index.ja.md",
        "target": "../../../assurance/runtime/mc_log.adb",
        "result": "pass"
      },
      {
        "source": "assurance/docs/engineering/api-index.ja.md",
        "target": "../../../assurance/runtime/mc_log.ads",
        "result": "pass"
      },
      {
        "source": "assurance/docs/engineering/api-index.ja.md",
        "target": "../../../assurance/runtime/mc_posix.ads",
        "result": "pass"
      },
      {
        "source": "assurance/docs/engineering/api-index.ja.md",
        "target": "../../../assurance/runtime/mc_qualification_auth.adb",
        "result": "pass"
      },
      {
        "source": "assurance/docs/engineering/api-index.ja.md",
        "target": "../../../assurance/runtime/mc_qualification_auth.ads",
        "result": "pass"
      },
      {
        "source": "assurance/docs/engineering/api-index.ja.md",
        "target": "../../../assurance/runtime/mc_receiver_ledger.adb",
        "result": "pass"
      },
      {
        "source": "assurance/docs/engineering/api-index.ja.md",
        "target": "../../../assurance/runtime/mc_receiver_ledger.ads",
        "result": "pass"
      },
      {
        "source": "assurance/docs/engineering/api-index.ja.md",
        "target": "../../../assurance/runtime/mc_request_files.adb",
        "result": "pass"
      },
      {
        "source": "assurance/docs/engineering/api-index.ja.md",
        "target": "../../../assurance/runtime/mc_request_files.ads",
        "result": "pass"
      },
      {
        "source": "assurance/docs/engineering/api-index.ja.md",
        "target": "../../../assurance/runtime/mc_runtime.adb",
        "result": "pass"
      },
      {
        "source": "assurance/docs/engineering/api-index.ja.md",
        "target": "../../../assurance/runtime/mc_runtime.ads",
        "result": "pass"
      },
      {
        "source": "assurance/docs/engineering/api-index.ja.md",
        "target": "../../../assurance/runtime/mc_signatures.adb",
        "result": "pass"
      },
      {
        "source": "assurance/docs/engineering/api-index.ja.md",
        "target": "../../../assurance/runtime/mc_signatures.ads",
        "result": "pass"
      },
      {
        "source": "assurance/docs/engineering/api-index.ja.md",
        "target": "../../../assurance/runtime/mc_site_policy.adb",
        "result": "pass"
      },
      {
        "source": "assurance/docs/engineering/api-index.ja.md",
        "target": "../../../assurance/runtime/mc_site_policy.ads",
        "result": "pass"
      },
      {
        "source": "assurance/docs/engineering/api-index.ja.md",
        "target": "../../../assurance/runtime/mc_stop_barrier_auth.adb",
        "result": "pass"
      },
      {
        "source": "assurance/docs/engineering/api-index.ja.md",
        "target": "../../../assurance/runtime/mc_stop_barrier_auth.ads",
        "result": "pass"
      },
      {
        "source": "assurance/docs/engineering/api-index.ja.md",
        "target": "../../../assurance/runtime/mc_store.adb",
        "result": "pass"
      },
      {
        "source": "assurance/docs/engineering/api-index.ja.md",
        "target": "../../../assurance/runtime/mc_store.ads",
        "result": "pass"
      },
      {
        "source": "assurance/docs/engineering/api-index.ja.md",
        "target": "../../../assurance/runtime/mc_tools.adb",
        "result": "pass"
      },
      {
        "source": "assurance/docs/engineering/api-index.ja.md",
        "target": "../../../assurance/runtime/mc_tools.ads",
        "result": "pass"
      },
      {
        "source": "assurance/docs/engineering/api-index.ja.md",
        "target": "../../../assurance/runtime/mc_xml.adb",
        "result": "pass"
      },
      {
        "source": "assurance/docs/engineering/api-index.ja.md",
        "target": "../../../assurance/runtime/mc_xml.ads",
        "result": "pass"
      },
      {
        "source": "assurance/docs/engineering/api-index.ja.md",
        "target": "../../../assurance/src/mc_accounting.adb",
        "result": "pass"
      },
      {
        "source": "assurance/docs/engineering/api-index.ja.md",
        "target": "../../../assurance/src/mc_accounting.ads",
        "result": "pass"
      },
      {
        "source": "assurance/docs/engineering/api-index.ja.md",
        "target": "../../../assurance/src/mc_attestation.adb",
        "result": "pass"
      },
      {
        "source": "assurance/docs/engineering/api-index.ja.md",
        "target": "../../../assurance/src/mc_attestation.ads",
        "result": "pass"
      },
      {
        "source": "assurance/docs/engineering/api-index.ja.md",
        "target": "../../../assurance/src/mc_authorization.adb",
        "result": "pass"
      },
      {
        "source": "assurance/docs/engineering/api-index.ja.md",
        "target": "../../../assurance/src/mc_authorization.ads",
        "result": "pass"
      },
      {
        "source": "assurance/docs/engineering/api-index.ja.md",
        "target": "../../../assurance/src/mc_backups.adb",
        "result": "pass"
      },
      {
        "source": "assurance/docs/engineering/api-index.ja.md",
        "target": "../../../assurance/src/mc_backups.ads",
        "result": "pass"
      },
      {
        "source": "assurance/docs/engineering/api-index.ja.md",
        "target": "../../../assurance/src/mc_base64.adb",
        "result": "pass"
      },
      {
        "source": "assurance/docs/engineering/api-index.ja.md",
        "target": "../../../assurance/src/mc_base64.ads",
        "result": "pass"
      },
      {
        "source": "assurance/docs/engineering/api-index.ja.md",
        "target": "../../../assurance/src/mc_breakglass.adb",
        "result": "pass"
      },
      {
        "source": "assurance/docs/engineering/api-index.ja.md",
        "target": "../../../assurance/src/mc_breakglass.ads",
        "result": "pass"
      },
      {
        "source": "assurance/docs/engineering/api-index.ja.md",
        "target": "../../../assurance/src/mc_checkpoint.adb",
        "result": "pass"
      },
      {
        "source": "assurance/docs/engineering/api-index.ja.md",
        "target": "../../../assurance/src/mc_checkpoint.ads",
        "result": "pass"
      },
      {
        "source": "assurance/docs/engineering/api-index.ja.md",
        "target": "../../../assurance/src/mc_codec.adb",
        "result": "pass"
      },
      {
        "source": "assurance/docs/engineering/api-index.ja.md",
        "target": "../../../assurance/src/mc_codec.ads",
        "result": "pass"
      },
      {
        "source": "assurance/docs/engineering/api-index.ja.md",
        "target": "../../../assurance/src/mc_commissioning.adb",
        "result": "pass"
      },
      {
        "source": "assurance/docs/engineering/api-index.ja.md",
        "target": "../../../assurance/src/mc_commissioning.ads",
        "result": "pass"
      },
      {
        "source": "assurance/docs/engineering/api-index.ja.md",
        "target": "../../../assurance/src/mc_compatibility.adb",
        "result": "pass"
      },
      {
        "source": "assurance/docs/engineering/api-index.ja.md",
        "target": "../../../assurance/src/mc_compatibility.ads",
        "result": "pass"
      },
      {
        "source": "assurance/docs/engineering/api-index.ja.md",
        "target": "../../../assurance/src/mc_contract_profile.ads",
        "result": "pass"
      },
      {
        "source": "assurance/docs/engineering/api-index.ja.md",
        "target": "../../../assurance/src/mc_control.adb",
        "result": "pass"
      },
      {
        "source": "assurance/docs/engineering/api-index.ja.md",
        "target": "../../../assurance/src/mc_control.ads",
        "result": "pass"
      },
      {
        "source": "assurance/docs/engineering/api-index.ja.md",
        "target": "../../../assurance/src/mc_control_codec.adb",
        "result": "pass"
      },
      {
        "source": "assurance/docs/engineering/api-index.ja.md",
        "target": "../../../assurance/src/mc_control_codec.ads",
        "result": "pass"
      },
      {
        "source": "assurance/docs/engineering/api-index.ja.md",
        "target": "../../../assurance/src/mc_diagnostic_bundle.adb",
        "result": "pass"
      },
      {
        "source": "assurance/docs/engineering/api-index.ja.md",
        "target": "../../../assurance/src/mc_diagnostic_bundle.ads",
        "result": "pass"
      },
      {
        "source": "assurance/docs/engineering/api-index.ja.md",
        "target": "../../../assurance/src/mc_fault_report.adb",
        "result": "pass"
      },
      {
        "source": "assurance/docs/engineering/api-index.ja.md",
        "target": "../../../assurance/src/mc_fault_report.ads",
        "result": "pass"
      },
      {
        "source": "assurance/docs/engineering/api-index.ja.md",
        "target": "../../../assurance/src/mc_faults.adb",
        "result": "pass"
      },
      {
        "source": "assurance/docs/engineering/api-index.ja.md",
        "target": "../../../assurance/src/mc_faults.ads",
        "result": "pass"
      },
      {
        "source": "assurance/docs/engineering/api-index.ja.md",
        "target": "../../../assurance/src/mc_generation.adb",
        "result": "pass"
      },
      {
        "source": "assurance/docs/engineering/api-index.ja.md",
        "target": "../../../assurance/src/mc_generation.ads",
        "result": "pass"
      },
      {
        "source": "assurance/docs/engineering/api-index.ja.md",
        "target": "../../../assurance/src/mc_golden.adb",
        "result": "pass"
      },
      {
        "source": "assurance/docs/engineering/api-index.ja.md",
        "target": "../../../assurance/src/mc_golden.ads",
        "result": "pass"
      },
      {
        "source": "assurance/docs/engineering/api-index.ja.md",
        "target": "../../../assurance/src/mc_health_golden.adb",
        "result": "pass"
      },
      {
        "source": "assurance/docs/engineering/api-index.ja.md",
        "target": "../../../assurance/src/mc_health_golden.ads",
        "result": "pass"
      },
      {
        "source": "assurance/docs/engineering/api-index.ja.md",
        "target": "../../../assurance/src/mc_health_report.adb",
        "result": "pass"
      },
      {
        "source": "assurance/docs/engineering/api-index.ja.md",
        "target": "../../../assurance/src/mc_health_report.ads",
        "result": "pass"
      },
      {
        "source": "assurance/docs/engineering/api-index.ja.md",
        "target": "../../../assurance/src/mc_hex.adb",
        "result": "pass"
      },
      {
        "source": "assurance/docs/engineering/api-index.ja.md",
        "target": "../../../assurance/src/mc_hex.ads",
        "result": "pass"
      },
      {
        "source": "assurance/docs/engineering/api-index.ja.md",
        "target": "../../../assurance/src/mc_incidents.adb",
        "result": "pass"
      },
      {
        "source": "assurance/docs/engineering/api-index.ja.md",
        "target": "../../../assurance/src/mc_incidents.ads",
        "result": "pass"
      },
      {
        "source": "assurance/docs/engineering/api-index.ja.md",
        "target": "../../../assurance/src/mc_json.adb",
        "result": "pass"
      },
      {
        "source": "assurance/docs/engineering/api-index.ja.md",
        "target": "../../../assurance/src/mc_json.ads",
        "result": "pass"
      },
      {
        "source": "assurance/docs/engineering/api-index.ja.md",
        "target": "../../../assurance/src/mc_log_format.adb",
        "result": "pass"
      },
      {
        "source": "assurance/docs/engineering/api-index.ja.md",
        "target": "../../../assurance/src/mc_log_format.ads",
        "result": "pass"
      },
      {
        "source": "assurance/docs/engineering/api-index.ja.md",
        "target": "../../../assurance/src/mc_maintenance.adb",
        "result": "pass"
      },
      {
        "source": "assurance/docs/engineering/api-index.ja.md",
        "target": "../../../assurance/src/mc_maintenance.ads",
        "result": "pass"
      },
      {
        "source": "assurance/docs/engineering/api-index.ja.md",
        "target": "../../../assurance/src/mc_numbers.adb",
        "result": "pass"
      },
      {
        "source": "assurance/docs/engineering/api-index.ja.md",
        "target": "../../../assurance/src/mc_numbers.ads",
        "result": "pass"
      },
      {
        "source": "assurance/docs/engineering/api-index.ja.md",
        "target": "../../../assurance/src/mc_paths.adb",
        "result": "pass"
      },
      {
        "source": "assurance/docs/engineering/api-index.ja.md",
        "target": "../../../assurance/src/mc_paths.ads",
        "result": "pass"
      },
      {
        "source": "assurance/docs/engineering/api-index.ja.md",
        "target": "../../../assurance/src/mc_platform_profile.adb",
        "result": "pass"
      },
      {
        "source": "assurance/docs/engineering/api-index.ja.md",
        "target": "../../../assurance/src/mc_platform_profile.ads",
        "result": "pass"
      },
      {
        "source": "assurance/docs/engineering/api-index.ja.md",
        "target": "../../../assurance/src/mc_properties.adb",
        "result": "pass"
      },
      {
        "source": "assurance/docs/engineering/api-index.ja.md",
        "target": "../../../assurance/src/mc_properties.ads",
        "result": "pass"
      },
      {
        "source": "assurance/docs/engineering/api-index.ja.md",
        "target": "../../../assurance/src/mc_protocol.adb",
        "result": "pass"
      },
      {
        "source": "assurance/docs/engineering/api-index.ja.md",
        "target": "../../../assurance/src/mc_protocol.ads",
        "result": "pass"
      },
      {
        "source": "assurance/docs/engineering/api-index.ja.md",
        "target": "../../../assurance/src/mc_qualification.adb",
        "result": "pass"
      },
      {
        "source": "assurance/docs/engineering/api-index.ja.md",
        "target": "../../../assurance/src/mc_qualification.ads",
        "result": "pass"
      },
      {
        "source": "assurance/docs/engineering/api-index.ja.md",
        "target": "../../../assurance/src/mc_release.adb",
        "result": "pass"
      },
      {
        "source": "assurance/docs/engineering/api-index.ja.md",
        "target": "../../../assurance/src/mc_release.ads",
        "result": "pass"
      },
      {
        "source": "assurance/docs/engineering/api-index.ja.md",
        "target": "../../../assurance/src/mc_replay.adb",
        "result": "pass"
      },
      {
        "source": "assurance/docs/engineering/api-index.ja.md",
        "target": "../../../assurance/src/mc_replay.ads",
        "result": "pass"
      },
      {
        "source": "assurance/docs/engineering/api-index.ja.md",
        "target": "../../../assurance/src/mc_request_replay.adb",
        "result": "pass"
      },
      {
        "source": "assurance/docs/engineering/api-index.ja.md",
        "target": "../../../assurance/src/mc_request_replay.ads",
        "result": "pass"
      },
      {
        "source": "assurance/docs/engineering/api-index.ja.md",
        "target": "../../../assurance/src/mc_requests.adb",
        "result": "pass"
      },
      {
        "source": "assurance/docs/engineering/api-index.ja.md",
        "target": "../../../assurance/src/mc_requests.ads",
        "result": "pass"
      },
      {
        "source": "assurance/docs/engineering/api-index.ja.md",
        "target": "../../../assurance/src/mc_retry_budget.adb",
        "result": "pass"
      },
      {
        "source": "assurance/docs/engineering/api-index.ja.md",
        "target": "../../../assurance/src/mc_retry_budget.ads",
        "result": "pass"
      },
      {
        "source": "assurance/docs/engineering/api-index.ja.md",
        "target": "../../../assurance/src/mc_sha256.adb",
        "result": "pass"
      },
      {
        "source": "assurance/docs/engineering/api-index.ja.md",
        "target": "../../../assurance/src/mc_sha256.ads",
        "result": "pass"
      },
      {
        "source": "assurance/docs/engineering/api-index.ja.md",
        "target": "../../../assurance/src/mc_stop_barrier.adb",
        "result": "pass"
      },
      {
        "source": "assurance/docs/engineering/api-index.ja.md",
        "target": "../../../assurance/src/mc_stop_barrier.ads",
        "result": "pass"
      },
      {
        "source": "assurance/docs/engineering/api-index.ja.md",
        "target": "../../../assurance/src/mc_system_baseline.adb",
        "result": "pass"
      },
      {
        "source": "assurance/docs/engineering/api-index.ja.md",
        "target": "../../../assurance/src/mc_system_baseline.ads",
        "result": "pass"
      },
      {
        "source": "assurance/docs/engineering/api-index.ja.md",
        "target": "../../../assurance/src/mc_text.adb",
        "result": "pass"
      },
      {
        "source": "assurance/docs/engineering/api-index.ja.md",
        "target": "../../../assurance/src/mc_text.ads",
        "result": "pass"
      },
      {
        "source": "assurance/docs/engineering/api-index.ja.md",
        "target": "../../../assurance/src/mc_time_guard.adb",
        "result": "pass"
      },
      {
        "source": "assurance/docs/engineering/api-index.ja.md",
        "target": "../../../assurance/src/mc_time_guard.ads",
        "result": "pass"
      },
      {
        "source": "assurance/docs/engineering/api-index.ja.md",
        "target": "../../../assurance/src/mc_types.adb",
        "result": "pass"
      },
      {
        "source": "assurance/docs/engineering/api-index.ja.md",
        "target": "../../../assurance/src/mc_types.ads",
        "result": "pass"
      },
      {
        "source": "assurance/docs/engineering/api-index.ja.md",
        "target": "../../../assurance/src/mc_witness.adb",
        "result": "pass"
      },
      {
        "source": "assurance/docs/engineering/api-index.ja.md",
        "target": "../../../assurance/src/mc_witness.ads",
        "result": "pass"
      },
      {
        "source": "assurance/docs/engineering/api-index.ja.md",
        "target": "../../../controlcore/app/mission_sign.adb",
        "result": "pass"
      },
      {
        "source": "assurance/docs/engineering/api-index.ja.md",
        "target": "../../../controlcore/app/missionctl.adb",
        "result": "pass"
      },
      {
        "source": "assurance/docs/engineering/api-index.ja.md",
        "target": "../../../controlcore/runtime/ctl_closure.adb",
        "result": "pass"
      },
      {
        "source": "assurance/docs/engineering/api-index.ja.md",
        "target": "../../../controlcore/runtime/ctl_closure.ads",
        "result": "pass"
      },
      {
        "source": "assurance/docs/engineering/api-index.ja.md",
        "target": "../../../controlcore/runtime/ctl_config.adb",
        "result": "pass"
      },
      {
        "source": "assurance/docs/engineering/api-index.ja.md",
        "target": "../../../controlcore/runtime/ctl_config.ads",
        "result": "pass"
      },
      {
        "source": "assurance/docs/engineering/api-index.ja.md",
        "target": "../../../controlcore/runtime/ctl_dispatch.adb",
        "result": "pass"
      },
      {
        "source": "assurance/docs/engineering/api-index.ja.md",
        "target": "../../../controlcore/runtime/ctl_dispatch.ads",
        "result": "pass"
      },
      {
        "source": "assurance/docs/engineering/api-index.ja.md",
        "target": "../../../controlcore/runtime/ctl_log_repair.adb",
        "result": "pass"
      },
      {
        "source": "assurance/docs/engineering/api-index.ja.md",
        "target": "../../../controlcore/runtime/ctl_log_repair.ads",
        "result": "pass"
      },
      {
        "source": "assurance/docs/engineering/api-index.ja.md",
        "target": "../../../controlcore/runtime/ctl_store.adb",
        "result": "pass"
      },
      {
        "source": "assurance/docs/engineering/api-index.ja.md",
        "target": "../../../controlcore/runtime/ctl_store.ads",
        "result": "pass"
      },
      {
        "source": "assurance/docs/engineering/api-index.ja.md",
        "target": "../../../controlcore/src/ctl_plan.adb",
        "result": "pass"
      },
      {
        "source": "assurance/docs/engineering/api-index.ja.md",
        "target": "../../../controlcore/src/ctl_plan.ads",
        "result": "pass"
      },
      {
        "source": "assurance/docs/engineering/api-index.ja.md",
        "target": "../../../controlcore/src/ctl_profile.ads",
        "result": "pass"
      },
      {
        "source": "assurance/docs/engineering/api-index.ja.md",
        "target": "../../../controlcore/src/ctl_wire.adb",
        "result": "pass"
      },
      {
        "source": "assurance/docs/engineering/api-index.ja.md",
        "target": "../../../controlcore/src/ctl_wire.ads",
        "result": "pass"
      },
      {
        "source": "assurance/docs/engineering/api-index.ja.md",
        "target": "../../../controlcore/src/ctl_workflow.adb",
        "result": "pass"
      },
      {
        "source": "assurance/docs/engineering/api-index.ja.md",
        "target": "../../../controlcore/src/ctl_workflow.ads",
        "result": "pass"
      },
      {
        "source": "assurance/docs/engineering/api-index.ja.md",
        "target": "../../../pkgcore/app/pkg_recoveryctl.adb",
        "result": "pass"
      },
      {
        "source": "assurance/docs/engineering/api-index.ja.md",
        "target": "../../../pkgcore/app/pkg_scrubctl.adb",
        "result": "pass"
      },
      {
        "source": "assurance/docs/engineering/api-index.ja.md",
        "target": "../../../pkgcore/app/pkg_worker.adb",
        "result": "pass"
      },
      {
        "source": "assurance/docs/engineering/api-index.ja.md",
        "target": "../../../pkgcore/app/pkgctl.adb",
        "result": "pass"
      },
      {
        "source": "assurance/docs/engineering/api-index.ja.md",
        "target": "../../../pkgcore/runtime/pkg_admin.adb",
        "result": "pass"
      },
      {
        "source": "assurance/docs/engineering/api-index.ja.md",
        "target": "../../../pkgcore/runtime/pkg_admin.ads",
        "result": "pass"
      },
      {
        "source": "assurance/docs/engineering/api-index.ja.md",
        "target": "../../../pkgcore/runtime/pkg_archive.adb",
        "result": "pass"
      },
      {
        "source": "assurance/docs/engineering/api-index.ja.md",
        "target": "../../../pkgcore/runtime/pkg_archive.ads",
        "result": "pass"
      },
      {
        "source": "assurance/docs/engineering/api-index.ja.md",
        "target": "../../../pkgcore/runtime/pkg_file_engine.adb",
        "result": "pass"
      },
      {
        "source": "assurance/docs/engineering/api-index.ja.md",
        "target": "../../../pkgcore/runtime/pkg_file_engine.ads",
        "result": "pass"
      },
      {
        "source": "assurance/docs/engineering/api-index.ja.md",
        "target": "../../../pkgcore/runtime/pkg_image_inspector.adb",
        "result": "pass"
      },
      {
        "source": "assurance/docs/engineering/api-index.ja.md",
        "target": "../../../pkgcore/runtime/pkg_image_inspector.ads",
        "result": "pass"
      },
      {
        "source": "assurance/docs/engineering/api-index.ja.md",
        "target": "../../../pkgcore/runtime/pkg_journal_io.adb",
        "result": "pass"
      },
      {
        "source": "assurance/docs/engineering/api-index.ja.md",
        "target": "../../../pkgcore/runtime/pkg_journal_io.ads",
        "result": "pass"
      },
      {
        "source": "assurance/docs/engineering/api-index.ja.md",
        "target": "../../../pkgcore/runtime/pkg_plan_compiler.adb",
        "result": "pass"
      },
      {
        "source": "assurance/docs/engineering/api-index.ja.md",
        "target": "../../../pkgcore/runtime/pkg_plan_compiler.ads",
        "result": "pass"
      },
      {
        "source": "assurance/docs/engineering/api-index.ja.md",
        "target": "../../../pkgcore/runtime/pkg_quiescent_engine.adb",
        "result": "pass"
      },
      {
        "source": "assurance/docs/engineering/api-index.ja.md",
        "target": "../../../pkgcore/runtime/pkg_quiescent_engine.ads",
        "result": "pass"
      },
      {
        "source": "assurance/docs/engineering/api-index.ja.md",
        "target": "../../../pkgcore/runtime/pkg_recovery_audit.adb",
        "result": "pass"
      },
      {
        "source": "assurance/docs/engineering/api-index.ja.md",
        "target": "../../../pkgcore/runtime/pkg_recovery_audit.ads",
        "result": "pass"
      },
      {
        "source": "assurance/docs/engineering/api-index.ja.md",
        "target": "../../../pkgcore/runtime/pkg_rpm_auth.adb",
        "result": "pass"
      },
      {
        "source": "assurance/docs/engineering/api-index.ja.md",
        "target": "../../../pkgcore/runtime/pkg_rpm_auth.ads",
        "result": "pass"
      },
      {
        "source": "assurance/docs/engineering/api-index.ja.md",
        "target": "../../../pkgcore/runtime/pkg_rpm_file.adb",
        "result": "pass"
      },
      {
        "source": "assurance/docs/engineering/api-index.ja.md",
        "target": "../../../pkgcore/runtime/pkg_rpm_file.ads",
        "result": "pass"
      },
      {
        "source": "assurance/docs/engineering/api-index.ja.md",
        "target": "../../../pkgcore/runtime/pkg_scrubber.adb",
        "result": "pass"
      },
      {
        "source": "assurance/docs/engineering/api-index.ja.md",
        "target": "../../../pkgcore/runtime/pkg_scrubber.ads",
        "result": "pass"
      },
      {
        "source": "assurance/docs/engineering/api-index.ja.md",
        "target": "../../../pkgcore/runtime/pkg_source.adb",
        "result": "pass"
      },
      {
        "source": "assurance/docs/engineering/api-index.ja.md",
        "target": "../../../pkgcore/runtime/pkg_source.ads",
        "result": "pass"
      },
      {
        "source": "assurance/docs/engineering/api-index.ja.md",
        "target": "../../../pkgcore/src/pkg_acceptance.adb",
        "result": "pass"
      },
      {
        "source": "assurance/docs/engineering/api-index.ja.md",
        "target": "../../../pkgcore/src/pkg_acceptance.ads",
        "result": "pass"
      },
      {
        "source": "assurance/docs/engineering/api-index.ja.md",
        "target": "../../../pkgcore/src/pkg_activation.adb",
        "result": "pass"
      },
      {
        "source": "assurance/docs/engineering/api-index.ja.md",
        "target": "../../../pkgcore/src/pkg_activation.ads",
        "result": "pass"
      },
      {
        "source": "assurance/docs/engineering/api-index.ja.md",
        "target": "../../../pkgcore/src/pkg_admission.adb",
        "result": "pass"
      },
      {
        "source": "assurance/docs/engineering/api-index.ja.md",
        "target": "../../../pkgcore/src/pkg_admission.ads",
        "result": "pass"
      },
      {
        "source": "assurance/docs/engineering/api-index.ja.md",
        "target": "../../../pkgcore/src/pkg_advisory.adb",
        "result": "pass"
      },
      {
        "source": "assurance/docs/engineering/api-index.ja.md",
        "target": "../../../pkgcore/src/pkg_advisory.ads",
        "result": "pass"
      },
      {
        "source": "assurance/docs/engineering/api-index.ja.md",
        "target": "../../../pkgcore/src/pkg_artifact_grant.adb",
        "result": "pass"
      },
      {
        "source": "assurance/docs/engineering/api-index.ja.md",
        "target": "../../../pkgcore/src/pkg_artifact_grant.ads",
        "result": "pass"
      },
      {
        "source": "assurance/docs/engineering/api-index.ja.md",
        "target": "../../../pkgcore/src/pkg_change_set.adb",
        "result": "pass"
      },
      {
        "source": "assurance/docs/engineering/api-index.ja.md",
        "target": "../../../pkgcore/src/pkg_change_set.ads",
        "result": "pass"
      },
      {
        "source": "assurance/docs/engineering/api-index.ja.md",
        "target": "../../../pkgcore/src/pkg_dependency.adb",
        "result": "pass"
      },
      {
        "source": "assurance/docs/engineering/api-index.ja.md",
        "target": "../../../pkgcore/src/pkg_dependency.ads",
        "result": "pass"
      },
      {
        "source": "assurance/docs/engineering/api-index.ja.md",
        "target": "../../../pkgcore/src/pkg_evr.adb",
        "result": "pass"
      },
      {
        "source": "assurance/docs/engineering/api-index.ja.md",
        "target": "../../../pkgcore/src/pkg_evr.ads",
        "result": "pass"
      },
      {
        "source": "assurance/docs/engineering/api-index.ja.md",
        "target": "../../../pkgcore/src/pkg_exposure_policy.adb",
        "result": "pass"
      },
      {
        "source": "assurance/docs/engineering/api-index.ja.md",
        "target": "../../../pkgcore/src/pkg_exposure_policy.ads",
        "result": "pass"
      },
      {
        "source": "assurance/docs/engineering/api-index.ja.md",
        "target": "../../../pkgcore/src/pkg_file_plan.adb",
        "result": "pass"
      },
      {
        "source": "assurance/docs/engineering/api-index.ja.md",
        "target": "../../../pkgcore/src/pkg_file_plan.ads",
        "result": "pass"
      },
      {
        "source": "assurance/docs/engineering/api-index.ja.md",
        "target": "../../../pkgcore/src/pkg_file_replay.adb",
        "result": "pass"
      },
      {
        "source": "assurance/docs/engineering/api-index.ja.md",
        "target": "../../../pkgcore/src/pkg_file_replay.ads",
        "result": "pass"
      },
      {
        "source": "assurance/docs/engineering/api-index.ja.md",
        "target": "../../../pkgcore/src/pkg_holds.adb",
        "result": "pass"
      },
      {
        "source": "assurance/docs/engineering/api-index.ja.md",
        "target": "../../../pkgcore/src/pkg_holds.ads",
        "result": "pass"
      },
      {
        "source": "assurance/docs/engineering/api-index.ja.md",
        "target": "../../../pkgcore/src/pkg_incorporation.adb",
        "result": "pass"
      },
      {
        "source": "assurance/docs/engineering/api-index.ja.md",
        "target": "../../../pkgcore/src/pkg_incorporation.ads",
        "result": "pass"
      },
      {
        "source": "assurance/docs/engineering/api-index.ja.md",
        "target": "../../../pkgcore/src/pkg_inventory.adb",
        "result": "pass"
      },
      {
        "source": "assurance/docs/engineering/api-index.ja.md",
        "target": "../../../pkgcore/src/pkg_inventory.ads",
        "result": "pass"
      },
      {
        "source": "assurance/docs/engineering/api-index.ja.md",
        "target": "../../../pkgcore/src/pkg_journal.adb",
        "result": "pass"
      },
      {
        "source": "assurance/docs/engineering/api-index.ja.md",
        "target": "../../../pkgcore/src/pkg_journal.ads",
        "result": "pass"
      },
      {
        "source": "assurance/docs/engineering/api-index.ja.md",
        "target": "../../../pkgcore/src/pkg_maintenance_bundle.adb",
        "result": "pass"
      },
      {
        "source": "assurance/docs/engineering/api-index.ja.md",
        "target": "../../../pkgcore/src/pkg_maintenance_bundle.ads",
        "result": "pass"
      },
      {
        "source": "assurance/docs/engineering/api-index.ja.md",
        "target": "../../../pkgcore/src/pkg_payload_map.adb",
        "result": "pass"
      },
      {
        "source": "assurance/docs/engineering/api-index.ja.md",
        "target": "../../../pkgcore/src/pkg_payload_map.ads",
        "result": "pass"
      },
      {
        "source": "assurance/docs/engineering/api-index.ja.md",
        "target": "../../../pkgcore/src/pkg_provenance.adb",
        "result": "pass"
      },
      {
        "source": "assurance/docs/engineering/api-index.ja.md",
        "target": "../../../pkgcore/src/pkg_provenance.ads",
        "result": "pass"
      },
      {
        "source": "assurance/docs/engineering/api-index.ja.md",
        "target": "../../../pkgcore/src/pkg_recovery.adb",
        "result": "pass"
      },
      {
        "source": "assurance/docs/engineering/api-index.ja.md",
        "target": "../../../pkgcore/src/pkg_recovery.ads",
        "result": "pass"
      },
      {
        "source": "assurance/docs/engineering/api-index.ja.md",
        "target": "../../../pkgcore/src/pkg_recovery_catalog.adb",
        "result": "pass"
      },
      {
        "source": "assurance/docs/engineering/api-index.ja.md",
        "target": "../../../pkgcore/src/pkg_recovery_catalog.ads",
        "result": "pass"
      },
      {
        "source": "assurance/docs/engineering/api-index.ja.md",
        "target": "../../../pkgcore/src/pkg_repository_trust.adb",
        "result": "pass"
      },
      {
        "source": "assurance/docs/engineering/api-index.ja.md",
        "target": "../../../pkgcore/src/pkg_repository_trust.ads",
        "result": "pass"
      },
      {
        "source": "assurance/docs/engineering/api-index.ja.md",
        "target": "../../../pkgcore/src/pkg_retention_batch.adb",
        "result": "pass"
      },
      {
        "source": "assurance/docs/engineering/api-index.ja.md",
        "target": "../../../pkgcore/src/pkg_retention_batch.ads",
        "result": "pass"
      },
      {
        "source": "assurance/docs/engineering/api-index.ja.md",
        "target": "../../../pkgcore/src/pkg_rollback_contract.adb",
        "result": "pass"
      },
      {
        "source": "assurance/docs/engineering/api-index.ja.md",
        "target": "../../../pkgcore/src/pkg_rollback_contract.ads",
        "result": "pass"
      },
      {
        "source": "assurance/docs/engineering/api-index.ja.md",
        "target": "../../../pkgcore/src/pkg_root_state.adb",
        "result": "pass"
      },
      {
        "source": "assurance/docs/engineering/api-index.ja.md",
        "target": "../../../pkgcore/src/pkg_root_state.ads",
        "result": "pass"
      },
      {
        "source": "assurance/docs/engineering/api-index.ja.md",
        "target": "../../../pkgcore/src/pkg_rpm.adb",
        "result": "pass"
      },
      {
        "source": "assurance/docs/engineering/api-index.ja.md",
        "target": "../../../pkgcore/src/pkg_rpm.ads",
        "result": "pass"
      },
      {
        "source": "assurance/docs/engineering/api-index.ja.md",
        "target": "../../../pkgcore/src/pkg_rpm_fields.adb",
        "result": "pass"
      },
      {
        "source": "assurance/docs/engineering/api-index.ja.md",
        "target": "../../../pkgcore/src/pkg_rpm_fields.ads",
        "result": "pass"
      },
      {
        "source": "assurance/docs/engineering/api-index.ja.md",
        "target": "../../../pkgcore/src/pkg_self_repair.adb",
        "result": "pass"
      },
      {
        "source": "assurance/docs/engineering/api-index.ja.md",
        "target": "../../../pkgcore/src/pkg_self_repair.ads",
        "result": "pass"
      },
      {
        "source": "assurance/docs/engineering/api-index.ja.md",
        "target": "../../../pkgcore/src/pkg_system_composition.adb",
        "result": "pass"
      },
      {
        "source": "assurance/docs/engineering/api-index.ja.md",
        "target": "../../../pkgcore/src/pkg_system_composition.ads",
        "result": "pass"
      },
      {
        "source": "assurance/docs/engineering/api-index.ja.md",
        "target": "../../../pkgcore/src/pkg_transactions.adb",
        "result": "pass"
      },
      {
        "source": "assurance/docs/engineering/api-index.ja.md",
        "target": "../../../pkgcore/src/pkg_transactions.ads",
        "result": "pass"
      },
      {
        "source": "assurance/docs/engineering/api-index.ja.md",
        "target": "../../../pkgcore/src/pkg_versions.adb",
        "result": "pass"
      },
      {
        "source": "assurance/docs/engineering/api-index.ja.md",
        "target": "../../../pkgcore/src/pkg_versions.ads",
        "result": "pass"
      },
      {
        "source": "assurance/docs/engineering/api-index.ja.md",
        "target": "../../../statecore/app/hostctl.adb",
        "result": "pass"
      },
      {
        "source": "assurance/docs/engineering/api-index.ja.md",
        "target": "../../../statecore/app/state_healing_admin.adb",
        "result": "pass"
      },
      {
        "source": "assurance/docs/engineering/api-index.ja.md",
        "target": "../../../statecore/app/state_recovery_worker.adb",
        "result": "pass"
      },
      {
        "source": "assurance/docs/engineering/api-index.ja.md",
        "target": "../../../statecore/app/state_worker.adb",
        "result": "pass"
      },
      {
        "source": "assurance/docs/engineering/api-index.ja.md",
        "target": "../../../statecore/app/statectl.adb",
        "result": "pass"
      },
      {
        "source": "assurance/docs/engineering/api-index.ja.md",
        "target": "../../../statecore/runtime/state_barrier_store.adb",
        "result": "pass"
      },
      {
        "source": "assurance/docs/engineering/api-index.ja.md",
        "target": "../../../statecore/runtime/state_barrier_store.ads",
        "result": "pass"
      },
      {
        "source": "assurance/docs/engineering/api-index.ja.md",
        "target": "../../../statecore/runtime/state_binding.adb",
        "result": "pass"
      },
      {
        "source": "assurance/docs/engineering/api-index.ja.md",
        "target": "../../../statecore/runtime/state_binding.ads",
        "result": "pass"
      },
      {
        "source": "assurance/docs/engineering/api-index.ja.md",
        "target": "../../../statecore/runtime/state_coordinator.adb",
        "result": "pass"
      },
      {
        "source": "assurance/docs/engineering/api-index.ja.md",
        "target": "../../../statecore/runtime/state_coordinator.ads",
        "result": "pass"
      },
      {
        "source": "assurance/docs/engineering/api-index.ja.md",
        "target": "../../../statecore/runtime/state_disaster_store.adb",
        "result": "pass"
      },
      {
        "source": "assurance/docs/engineering/api-index.ja.md",
        "target": "../../../statecore/runtime/state_disaster_store.ads",
        "result": "pass"
      },
      {
        "source": "assurance/docs/engineering/api-index.ja.md",
        "target": "../../../statecore/runtime/state_etcd.adb",
        "result": "pass"
      },
      {
        "source": "assurance/docs/engineering/api-index.ja.md",
        "target": "../../../statecore/runtime/state_etcd.ads",
        "result": "pass"
      },
      {
        "source": "assurance/docs/engineering/api-index.ja.md",
        "target": "../../../statecore/runtime/state_executor.adb",
        "result": "pass"
      },
      {
        "source": "assurance/docs/engineering/api-index.ja.md",
        "target": "../../../statecore/runtime/state_executor.ads",
        "result": "pass"
      },
      {
        "source": "assurance/docs/engineering/api-index.ja.md",
        "target": "../../../statecore/runtime/state_healing_engine.adb",
        "result": "pass"
      },
      {
        "source": "assurance/docs/engineering/api-index.ja.md",
        "target": "../../../statecore/runtime/state_healing_engine.ads",
        "result": "pass"
      },
      {
        "source": "assurance/docs/engineering/api-index.ja.md",
        "target": "../../../statecore/runtime/state_healing_journal.adb",
        "result": "pass"
      },
      {
        "source": "assurance/docs/engineering/api-index.ja.md",
        "target": "../../../statecore/runtime/state_healing_journal.ads",
        "result": "pass"
      },
      {
        "source": "assurance/docs/engineering/api-index.ja.md",
        "target": "../../../statecore/runtime/state_host_probe.adb",
        "result": "pass"
      },
      {
        "source": "assurance/docs/engineering/api-index.ja.md",
        "target": "../../../statecore/runtime/state_host_probe.ads",
        "result": "pass"
      },
      {
        "source": "assurance/docs/engineering/api-index.ja.md",
        "target": "../../../statecore/runtime/state_network_controller.adb",
        "result": "pass"
      },
      {
        "source": "assurance/docs/engineering/api-index.ja.md",
        "target": "../../../statecore/runtime/state_network_controller.ads",
        "result": "pass"
      },
      {
        "source": "assurance/docs/engineering/api-index.ja.md",
        "target": "../../../statecore/runtime/state_nm_checkpoint.adb",
        "result": "pass"
      },
      {
        "source": "assurance/docs/engineering/api-index.ja.md",
        "target": "../../../statecore/runtime/state_nm_checkpoint.ads",
        "result": "pass"
      },
      {
        "source": "assurance/docs/engineering/api-index.ja.md",
        "target": "../../../statecore/runtime/state_pacemaker.adb",
        "result": "pass"
      },
      {
        "source": "assurance/docs/engineering/api-index.ja.md",
        "target": "../../../statecore/runtime/state_pacemaker.ads",
        "result": "pass"
      },
      {
        "source": "assurance/docs/engineering/api-index.ja.md",
        "target": "../../../statecore/runtime/state_readmission_store.adb",
        "result": "pass"
      },
      {
        "source": "assurance/docs/engineering/api-index.ja.md",
        "target": "../../../statecore/runtime/state_readmission_store.ads",
        "result": "pass"
      },
      {
        "source": "assurance/docs/engineering/api-index.ja.md",
        "target": "../../../statecore/runtime/state_rollout_store.adb",
        "result": "pass"
      },
      {
        "source": "assurance/docs/engineering/api-index.ja.md",
        "target": "../../../statecore/runtime/state_rollout_store.ads",
        "result": "pass"
      },
      {
        "source": "assurance/docs/engineering/api-index.ja.md",
        "target": "../../../statecore/runtime/state_strict_coordinator.adb",
        "result": "pass"
      },
      {
        "source": "assurance/docs/engineering/api-index.ja.md",
        "target": "../../../statecore/runtime/state_strict_coordinator.ads",
        "result": "pass"
      },
      {
        "source": "assurance/docs/engineering/api-index.ja.md",
        "target": "../../../statecore/runtime/state_systemd.adb",
        "result": "pass"
      },
      {
        "source": "assurance/docs/engineering/api-index.ja.md",
        "target": "../../../statecore/runtime/state_systemd.ads",
        "result": "pass"
      },
      {
        "source": "assurance/docs/engineering/api-index.ja.md",
        "target": "../../../statecore/runtime/state_systemd_control.adb",
        "result": "pass"
      },
      {
        "source": "assurance/docs/engineering/api-index.ja.md",
        "target": "../../../statecore/runtime/state_systemd_control.ads",
        "result": "pass"
      },
      {
        "source": "assurance/docs/engineering/api-index.ja.md",
        "target": "../../../statecore/src/state_authority.adb",
        "result": "pass"
      },
      {
        "source": "assurance/docs/engineering/api-index.ja.md",
        "target": "../../../statecore/src/state_authority.ads",
        "result": "pass"
      },
      {
        "source": "assurance/docs/engineering/api-index.ja.md",
        "target": "../../../statecore/src/state_boot.adb",
        "result": "pass"
      },
      {
        "source": "assurance/docs/engineering/api-index.ja.md",
        "target": "../../../statecore/src/state_boot.ads",
        "result": "pass"
      },
      {
        "source": "assurance/docs/engineering/api-index.ja.md",
        "target": "../../../statecore/src/state_boot_acceptance.adb",
        "result": "pass"
      },
      {
        "source": "assurance/docs/engineering/api-index.ja.md",
        "target": "../../../statecore/src/state_boot_acceptance.ads",
        "result": "pass"
      },
      {
        "source": "assurance/docs/engineering/api-index.ja.md",
        "target": "../../../statecore/src/state_boot_assessment.adb",
        "result": "pass"
      },
      {
        "source": "assurance/docs/engineering/api-index.ja.md",
        "target": "../../../statecore/src/state_boot_assessment.ads",
        "result": "pass"
      },
      {
        "source": "assurance/docs/engineering/api-index.ja.md",
        "target": "../../../statecore/src/state_budget.adb",
        "result": "pass"
      },
      {
        "source": "assurance/docs/engineering/api-index.ja.md",
        "target": "../../../statecore/src/state_budget.ads",
        "result": "pass"
      },
      {
        "source": "assurance/docs/engineering/api-index.ja.md",
        "target": "../../../statecore/src/state_capacity_guard.adb",
        "result": "pass"
      },
      {
        "source": "assurance/docs/engineering/api-index.ja.md",
        "target": "../../../statecore/src/state_capacity_guard.ads",
        "result": "pass"
      },
      {
        "source": "assurance/docs/engineering/api-index.ja.md",
        "target": "../../../statecore/src/state_changes.adb",
        "result": "pass"
      },
      {
        "source": "assurance/docs/engineering/api-index.ja.md",
        "target": "../../../statecore/src/state_changes.ads",
        "result": "pass"
      },
      {
        "source": "assurance/docs/engineering/api-index.ja.md",
        "target": "../../../statecore/src/state_cluster_safety.adb",
        "result": "pass"
      },
      {
        "source": "assurance/docs/engineering/api-index.ja.md",
        "target": "../../../statecore/src/state_cluster_safety.ads",
        "result": "pass"
      },
      {
        "source": "assurance/docs/engineering/api-index.ja.md",
        "target": "../../../statecore/src/state_config.adb",
        "result": "pass"
      },
      {
        "source": "assurance/docs/engineering/api-index.ja.md",
        "target": "../../../statecore/src/state_config.ads",
        "result": "pass"
      },
      {
        "source": "assurance/docs/engineering/api-index.ja.md",
        "target": "../../../statecore/src/state_config_merge.adb",
        "result": "pass"
      },
      {
        "source": "assurance/docs/engineering/api-index.ja.md",
        "target": "../../../statecore/src/state_config_merge.ads",
        "result": "pass"
      },
      {
        "source": "assurance/docs/engineering/api-index.ja.md",
        "target": "../../../statecore/src/state_crash_evidence.adb",
        "result": "pass"
      },
      {
        "source": "assurance/docs/engineering/api-index.ja.md",
        "target": "../../../statecore/src/state_crash_evidence.ads",
        "result": "pass"
      },
      {
        "source": "assurance/docs/engineering/api-index.ja.md",
        "target": "../../../statecore/src/state_degraded_mode.adb",
        "result": "pass"
      },
      {
        "source": "assurance/docs/engineering/api-index.ja.md",
        "target": "../../../statecore/src/state_degraded_mode.ads",
        "result": "pass"
      },
      {
        "source": "assurance/docs/engineering/api-index.ja.md",
        "target": "../../../statecore/src/state_dependency_graph.adb",
        "result": "pass"
      },
      {
        "source": "assurance/docs/engineering/api-index.ja.md",
        "target": "../../../statecore/src/state_dependency_graph.ads",
        "result": "pass"
      },
      {
        "source": "assurance/docs/engineering/api-index.ja.md",
        "target": "../../../statecore/src/state_disaster.adb",
        "result": "pass"
      },
      {
        "source": "assurance/docs/engineering/api-index.ja.md",
        "target": "../../../statecore/src/state_disaster.ads",
        "result": "pass"
      },
      {
        "source": "assurance/docs/engineering/api-index.ja.md",
        "target": "../../../statecore/src/state_etcd_limits.ads",
        "result": "pass"
      },
      {
        "source": "assurance/docs/engineering/api-index.ja.md",
        "target": "../../../statecore/src/state_etcd_wire.adb",
        "result": "pass"
      },
      {
        "source": "assurance/docs/engineering/api-index.ja.md",
        "target": "../../../statecore/src/state_etcd_wire.ads",
        "result": "pass"
      },
      {
        "source": "assurance/docs/engineering/api-index.ja.md",
        "target": "../../../statecore/src/state_failover.adb",
        "result": "pass"
      },
      {
        "source": "assurance/docs/engineering/api-index.ja.md",
        "target": "../../../statecore/src/state_failover.ads",
        "result": "pass"
      },
      {
        "source": "assurance/docs/engineering/api-index.ja.md",
        "target": "../../../statecore/src/state_fault_correlation.adb",
        "result": "pass"
      },
      {
        "source": "assurance/docs/engineering/api-index.ja.md",
        "target": "../../../statecore/src/state_fault_correlation.ads",
        "result": "pass"
      },
      {
        "source": "assurance/docs/engineering/api-index.ja.md",
        "target": "../../../statecore/src/state_fru_health.adb",
        "result": "pass"
      },
      {
        "source": "assurance/docs/engineering/api-index.ja.md",
        "target": "../../../statecore/src/state_fru_health.ads",
        "result": "pass"
      },
      {
        "source": "assurance/docs/engineering/api-index.ja.md",
        "target": "../../../statecore/src/state_healing.adb",
        "result": "pass"
      },
      {
        "source": "assurance/docs/engineering/api-index.ja.md",
        "target": "../../../statecore/src/state_healing.ads",
        "result": "pass"
      },
      {
        "source": "assurance/docs/engineering/api-index.ja.md",
        "target": "../../../statecore/src/state_healing_codec.adb",
        "result": "pass"
      },
      {
        "source": "assurance/docs/engineering/api-index.ja.md",
        "target": "../../../statecore/src/state_healing_codec.ads",
        "result": "pass"
      },
      {
        "source": "assurance/docs/engineering/api-index.ja.md",
        "target": "../../../statecore/src/state_healing_repair_claim.adb",
        "result": "pass"
      },
      {
        "source": "assurance/docs/engineering/api-index.ja.md",
        "target": "../../../statecore/src/state_healing_repair_claim.ads",
        "result": "pass"
      },
      {
        "source": "assurance/docs/engineering/api-index.ja.md",
        "target": "../../../statecore/src/state_healing_request.adb",
        "result": "pass"
      },
      {
        "source": "assurance/docs/engineering/api-index.ja.md",
        "target": "../../../statecore/src/state_healing_request.ads",
        "result": "pass"
      },
      {
        "source": "assurance/docs/engineering/api-index.ja.md",
        "target": "../../../statecore/src/state_host_admission.adb",
        "result": "pass"
      },
      {
        "source": "assurance/docs/engineering/api-index.ja.md",
        "target": "../../../statecore/src/state_host_admission.ads",
        "result": "pass"
      },
      {
        "source": "assurance/docs/engineering/api-index.ja.md",
        "target": "../../../statecore/src/state_inventory.adb",
        "result": "pass"
      },
      {
        "source": "assurance/docs/engineering/api-index.ja.md",
        "target": "../../../statecore/src/state_inventory.ads",
        "result": "pass"
      },
      {
        "source": "assurance/docs/engineering/api-index.ja.md",
        "target": "../../../statecore/src/state_kernel_health.adb",
        "result": "pass"
      },
      {
        "source": "assurance/docs/engineering/api-index.ja.md",
        "target": "../../../statecore/src/state_kernel_health.ads",
        "result": "pass"
      },
      {
        "source": "assurance/docs/engineering/api-index.ja.md",
        "target": "../../../statecore/src/state_kernel_maintenance.adb",
        "result": "pass"
      },
      {
        "source": "assurance/docs/engineering/api-index.ja.md",
        "target": "../../../statecore/src/state_kernel_maintenance.ads",
        "result": "pass"
      },
      {
        "source": "assurance/docs/engineering/api-index.ja.md",
        "target": "../../../statecore/src/state_network_change.adb",
        "result": "pass"
      },
      {
        "source": "assurance/docs/engineering/api-index.ja.md",
        "target": "../../../statecore/src/state_network_change.ads",
        "result": "pass"
      },
      {
        "source": "assurance/docs/engineering/api-index.ja.md",
        "target": "../../../statecore/src/state_network_integrity.adb",
        "result": "pass"
      },
      {
        "source": "assurance/docs/engineering/api-index.ja.md",
        "target": "../../../statecore/src/state_network_integrity.ads",
        "result": "pass"
      },
      {
        "source": "assurance/docs/engineering/api-index.ja.md",
        "target": "../../../statecore/src/state_node_lifecycle.adb",
        "result": "pass"
      },
      {
        "source": "assurance/docs/engineering/api-index.ja.md",
        "target": "../../../statecore/src/state_node_lifecycle.ads",
        "result": "pass"
      },
      {
        "source": "assurance/docs/engineering/api-index.ja.md",
        "target": "../../../statecore/src/state_operation.adb",
        "result": "pass"
      },
      {
        "source": "assurance/docs/engineering/api-index.ja.md",
        "target": "../../../statecore/src/state_operation.ads",
        "result": "pass"
      },
      {
        "source": "assurance/docs/engineering/api-index.ja.md",
        "target": "../../../statecore/src/state_platform_health.adb",
        "result": "pass"
      },
      {
        "source": "assurance/docs/engineering/api-index.ja.md",
        "target": "../../../statecore/src/state_platform_health.ads",
        "result": "pass"
      },
      {
        "source": "assurance/docs/engineering/api-index.ja.md",
        "target": "../../../statecore/src/state_power_integrity.adb",
        "result": "pass"
      },
      {
        "source": "assurance/docs/engineering/api-index.ja.md",
        "target": "../../../statecore/src/state_power_integrity.ads",
        "result": "pass"
      },
      {
        "source": "assurance/docs/engineering/api-index.ja.md",
        "target": "../../../statecore/src/state_ras.adb",
        "result": "pass"
      },
      {
        "source": "assurance/docs/engineering/api-index.ja.md",
        "target": "../../../statecore/src/state_ras.ads",
        "result": "pass"
      },
      {
        "source": "assurance/docs/engineering/api-index.ja.md",
        "target": "../../../statecore/src/state_readmission.adb",
        "result": "pass"
      },
      {
        "source": "assurance/docs/engineering/api-index.ja.md",
        "target": "../../../statecore/src/state_readmission.ads",
        "result": "pass"
      },
      {
        "source": "assurance/docs/engineering/api-index.ja.md",
        "target": "../../../statecore/src/state_recovery_objective.adb",
        "result": "pass"
      },
      {
        "source": "assurance/docs/engineering/api-index.ja.md",
        "target": "../../../statecore/src/state_recovery_objective.ads",
        "result": "pass"
      },
      {
        "source": "assurance/docs/engineering/api-index.ja.md",
        "target": "../../../statecore/src/state_reservation_safety.adb",
        "result": "pass"
      },
      {
        "source": "assurance/docs/engineering/api-index.ja.md",
        "target": "../../../statecore/src/state_reservation_safety.ads",
        "result": "pass"
      },
      {
        "source": "assurance/docs/engineering/api-index.ja.md",
        "target": "../../../statecore/src/state_resilience_controller.adb",
        "result": "pass"
      },
      {
        "source": "assurance/docs/engineering/api-index.ja.md",
        "target": "../../../statecore/src/state_resilience_controller.ads",
        "result": "pass"
      },
      {
        "source": "assurance/docs/engineering/api-index.ja.md",
        "target": "../../../statecore/src/state_rollout.adb",
        "result": "pass"
      },
      {
        "source": "assurance/docs/engineering/api-index.ja.md",
        "target": "../../../statecore/src/state_rollout.ads",
        "result": "pass"
      },
      {
        "source": "assurance/docs/engineering/api-index.ja.md",
        "target": "../../../statecore/src/state_rollout_codec.adb",
        "result": "pass"
      },
      {
        "source": "assurance/docs/engineering/api-index.ja.md",
        "target": "../../../statecore/src/state_rollout_codec.ads",
        "result": "pass"
      },
      {
        "source": "assurance/docs/engineering/api-index.ja.md",
        "target": "../../../statecore/src/state_self_test.adb",
        "result": "pass"
      },
      {
        "source": "assurance/docs/engineering/api-index.ja.md",
        "target": "../../../statecore/src/state_self_test.ads",
        "result": "pass"
      },
      {
        "source": "assurance/docs/engineering/api-index.ja.md",
        "target": "../../../statecore/src/state_service.adb",
        "result": "pass"
      },
      {
        "source": "assurance/docs/engineering/api-index.ja.md",
        "target": "../../../statecore/src/state_service.ads",
        "result": "pass"
      },
      {
        "source": "assurance/docs/engineering/api-index.ja.md",
        "target": "../../../statecore/src/state_service_catalogue.adb",
        "result": "pass"
      },
      {
        "source": "assurance/docs/engineering/api-index.ja.md",
        "target": "../../../statecore/src/state_service_catalogue.ads",
        "result": "pass"
      },
      {
        "source": "assurance/docs/engineering/api-index.ja.md",
        "target": "../../../statecore/src/state_serviceability.adb",
        "result": "pass"
      },
      {
        "source": "assurance/docs/engineering/api-index.ja.md",
        "target": "../../../statecore/src/state_serviceability.ads",
        "result": "pass"
      },
      {
        "source": "assurance/docs/engineering/api-index.ja.md",
        "target": "../../../statecore/src/state_storage_integrity.adb",
        "result": "pass"
      },
      {
        "source": "assurance/docs/engineering/api-index.ja.md",
        "target": "../../../statecore/src/state_storage_integrity.ads",
        "result": "pass"
      },
      {
        "source": "assurance/docs/engineering/api-index.ja.md",
        "target": "../../../statecore/src/state_time_integrity.adb",
        "result": "pass"
      },
      {
        "source": "assurance/docs/engineering/api-index.ja.md",
        "target": "../../../statecore/src/state_time_integrity.ads",
        "result": "pass"
      },
      {
        "source": "assurance/docs/engineering/api-index.ja.md",
        "target": "../../../statecore/src/state_topology.adb",
        "result": "pass"
      },
      {
        "source": "assurance/docs/engineering/api-index.ja.md",
        "target": "../../../statecore/src/state_topology.ads",
        "result": "pass"
      },
      {
        "source": "assurance/docs/engineering/api-index.ja.md",
        "target": "../../../statecore/src/state_unit.adb",
        "result": "pass"
      },
      {
        "source": "assurance/docs/engineering/api-index.ja.md",
        "target": "../../../statecore/src/state_unit.ads",
        "result": "pass"
      },
      {
        "source": "assurance/docs/engineering/api-index.ja.md",
        "target": "../../../statecore/src/state_wlm.adb",
        "result": "pass"
      },
      {
        "source": "assurance/docs/engineering/api-index.ja.md",
        "target": "../../../statecore/src/state_wlm.ads",
        "result": "pass"
      },
      {
        "source": "assurance/docs/engineering/api-index.ja.md",
        "target": "../../../statecore/src/state_workload_safety.adb",
        "result": "pass"
      },
      {
        "source": "assurance/docs/engineering/api-index.ja.md",
        "target": "../../../statecore/src/state_workload_safety.ads",
        "result": "pass"
      },
      {
        "source": "assurance/docs/engineering/adr/ADR-0001.ja.md",
        "target": "../specs/recovery-protocol.ja.md",
        "result": "pass"
      },
      {
        "source": "assurance/docs/engineering/adr/ADR-0001.ja.md",
        "target": "../specs/acid-contract.ja.md",
        "result": "pass"
      },
      {
        "source": "assurance/docs/engineering/adr/ADR-0001.ja.md",
        "target": "../specs/verification.ja.md",
        "result": "pass"
      },
      {
        "source": "assurance/docs/engineering/adr/ADR-0002.ja.md",
        "target": "ADR-0021.ja.md",
        "result": "pass"
      },
      {
        "source": "assurance/docs/engineering/adr/ADR-0002.ja.md",
        "target": "../specs/recovery-protocol.ja.md",
        "result": "pass"
      },
      {
        "source": "assurance/docs/engineering/adr/ADR-0002.ja.md",
        "target": "../specs/acid-contract.ja.md",
        "result": "pass"
      },
      {
        "source": "assurance/docs/engineering/adr/ADR-0002.ja.md",
        "target": "../specs/verification.ja.md",
        "result": "pass"
      },
      {
        "source": "assurance/docs/engineering/adr/ADR-0003.ja.md",
        "target": "../specs/recovery-protocol.ja.md",
        "result": "pass"
      },
      {
        "source": "assurance/docs/engineering/adr/ADR-0003.ja.md",
        "target": "../specs/acid-contract.ja.md",
        "result": "pass"
      },
      {
        "source": "assurance/docs/engineering/adr/ADR-0003.ja.md",
        "target": "../specs/verification.ja.md",
        "result": "pass"
      },
      {
        "source": "assurance/docs/engineering/adr/ADR-0004.ja.md",
        "target": "../specs/recovery-protocol.ja.md",
        "result": "pass"
      },
      {
        "source": "assurance/docs/engineering/adr/ADR-0004.ja.md",
        "target": "../specs/acid-contract.ja.md",
        "result": "pass"
      },
      {
        "source": "assurance/docs/engineering/adr/ADR-0004.ja.md",
        "target": "../specs/verification.ja.md",
        "result": "pass"
      },
      {
        "source": "assurance/docs/engineering/adr/ADR-0005.ja.md",
        "target": "../specs/recovery-protocol.ja.md",
        "result": "pass"
      },
      {
        "source": "assurance/docs/engineering/adr/ADR-0005.ja.md",
        "target": "../specs/acid-contract.ja.md",
        "result": "pass"
      },
      {
        "source": "assurance/docs/engineering/adr/ADR-0005.ja.md",
        "target": "../specs/verification.ja.md",
        "result": "pass"
      },
      {
        "source": "assurance/docs/engineering/adr/ADR-0006.ja.md",
        "target": "../specs/recovery-protocol.ja.md",
        "result": "pass"
      },
      {
        "source": "assurance/docs/engineering/adr/ADR-0006.ja.md",
        "target": "../specs/acid-contract.ja.md",
        "result": "pass"
      },
      {
        "source": "assurance/docs/engineering/adr/ADR-0006.ja.md",
        "target": "../specs/verification.ja.md",
        "result": "pass"
      },
      {
        "source": "assurance/docs/engineering/adr/ADR-0007.ja.md",
        "target": "../specs/recovery-protocol.ja.md",
        "result": "pass"
      },
      {
        "source": "assurance/docs/engineering/adr/ADR-0007.ja.md",
        "target": "../specs/acid-contract.ja.md",
        "result": "pass"
      },
      {
        "source": "assurance/docs/engineering/adr/ADR-0007.ja.md",
        "target": "../specs/verification.ja.md",
        "result": "pass"
      },
      {
        "source": "assurance/docs/engineering/adr/ADR-0008.ja.md",
        "target": "../specs/recovery-protocol.ja.md",
        "result": "pass"
      },
      {
        "source": "assurance/docs/engineering/adr/ADR-0008.ja.md",
        "target": "../specs/acid-contract.ja.md",
        "result": "pass"
      },
      {
        "source": "assurance/docs/engineering/adr/ADR-0008.ja.md",
        "target": "../specs/verification.ja.md",
        "result": "pass"
      },
      {
        "source": "assurance/docs/engineering/adr/ADR-0009.ja.md",
        "target": "../specs/recovery-protocol.ja.md",
        "result": "pass"
      },
      {
        "source": "assurance/docs/engineering/adr/ADR-0009.ja.md",
        "target": "../specs/acid-contract.ja.md",
        "result": "pass"
      },
      {
        "source": "assurance/docs/engineering/adr/ADR-0009.ja.md",
        "target": "../specs/verification.ja.md",
        "result": "pass"
      },
      {
        "source": "assurance/docs/engineering/adr/ADR-0010.ja.md",
        "target": "../specs/recovery-protocol.ja.md",
        "result": "pass"
      },
      {
        "source": "assurance/docs/engineering/adr/ADR-0010.ja.md",
        "target": "../specs/acid-contract.ja.md",
        "result": "pass"
      },
      {
        "source": "assurance/docs/engineering/adr/ADR-0010.ja.md",
        "target": "../specs/verification.ja.md",
        "result": "pass"
      },
      {
        "source": "assurance/docs/engineering/adr/ADR-0011.ja.md",
        "target": "../specs/recovery-protocol.ja.md",
        "result": "pass"
      },
      {
        "source": "assurance/docs/engineering/adr/ADR-0011.ja.md",
        "target": "../specs/acid-contract.ja.md",
        "result": "pass"
      },
      {
        "source": "assurance/docs/engineering/adr/ADR-0011.ja.md",
        "target": "../specs/verification.ja.md",
        "result": "pass"
      },
      {
        "source": "assurance/docs/engineering/adr/ADR-0012.ja.md",
        "target": "../specs/recovery-protocol.ja.md",
        "result": "pass"
      },
      {
        "source": "assurance/docs/engineering/adr/ADR-0012.ja.md",
        "target": "../specs/acid-contract.ja.md",
        "result": "pass"
      },
      {
        "source": "assurance/docs/engineering/adr/ADR-0012.ja.md",
        "target": "../specs/verification.ja.md",
        "result": "pass"
      },
      {
        "source": "assurance/docs/engineering/adr/ADR-0013.ja.md",
        "target": "../specs/recovery-protocol.ja.md",
        "result": "pass"
      },
      {
        "source": "assurance/docs/engineering/adr/ADR-0013.ja.md",
        "target": "../specs/acid-contract.ja.md",
        "result": "pass"
      },
      {
        "source": "assurance/docs/engineering/adr/ADR-0013.ja.md",
        "target": "../specs/verification.ja.md",
        "result": "pass"
      },
      {
        "source": "assurance/docs/engineering/adr/ADR-0014.ja.md",
        "target": "../specs/recovery-protocol.ja.md",
        "result": "pass"
      },
      {
        "source": "assurance/docs/engineering/adr/ADR-0014.ja.md",
        "target": "../specs/acid-contract.ja.md",
        "result": "pass"
      },
      {
        "source": "assurance/docs/engineering/adr/ADR-0014.ja.md",
        "target": "../specs/verification.ja.md",
        "result": "pass"
      },
      {
        "source": "assurance/docs/engineering/adr/ADR-0015.ja.md",
        "target": "../specs/recovery-protocol.ja.md",
        "result": "pass"
      },
      {
        "source": "assurance/docs/engineering/adr/ADR-0015.ja.md",
        "target": "../specs/acid-contract.ja.md",
        "result": "pass"
      },
      {
        "source": "assurance/docs/engineering/adr/ADR-0015.ja.md",
        "target": "../specs/verification.ja.md",
        "result": "pass"
      },
      {
        "source": "assurance/docs/engineering/adr/ADR-0016.ja.md",
        "target": "../specs/recovery-protocol.ja.md",
        "result": "pass"
      },
      {
        "source": "assurance/docs/engineering/adr/ADR-0016.ja.md",
        "target": "../specs/acid-contract.ja.md",
        "result": "pass"
      },
      {
        "source": "assurance/docs/engineering/adr/ADR-0016.ja.md",
        "target": "../specs/verification.ja.md",
        "result": "pass"
      },
      {
        "source": "assurance/docs/engineering/adr/ADR-0017.ja.md",
        "target": "../specs/recovery-protocol.ja.md",
        "result": "pass"
      },
      {
        "source": "assurance/docs/engineering/adr/ADR-0017.ja.md",
        "target": "../specs/acid-contract.ja.md",
        "result": "pass"
      },
      {
        "source": "assurance/docs/engineering/adr/ADR-0017.ja.md",
        "target": "../specs/verification.ja.md",
        "result": "pass"
      },
      {
        "source": "assurance/docs/engineering/adr/ADR-0018.ja.md",
        "target": "../specs/recovery-protocol.ja.md",
        "result": "pass"
      },
      {
        "source": "assurance/docs/engineering/adr/ADR-0018.ja.md",
        "target": "../specs/acid-contract.ja.md",
        "result": "pass"
      },
      {
        "source": "assurance/docs/engineering/adr/ADR-0018.ja.md",
        "target": "../specs/verification.ja.md",
        "result": "pass"
      },
      {
        "source": "assurance/docs/engineering/adr/ADR-0019.ja.md",
        "target": "../specs/recovery-protocol.ja.md",
        "result": "pass"
      },
      {
        "source": "assurance/docs/engineering/adr/ADR-0019.ja.md",
        "target": "../specs/acid-contract.ja.md",
        "result": "pass"
      },
      {
        "source": "assurance/docs/engineering/adr/ADR-0019.ja.md",
        "target": "../specs/verification.ja.md",
        "result": "pass"
      },
      {
        "source": "assurance/docs/engineering/adr/ADR-0020.ja.md",
        "target": "../specs/recovery-protocol.ja.md",
        "result": "pass"
      },
      {
        "source": "assurance/docs/engineering/adr/ADR-0020.ja.md",
        "target": "../specs/acid-contract.ja.md",
        "result": "pass"
      },
      {
        "source": "assurance/docs/engineering/adr/ADR-0020.ja.md",
        "target": "../specs/verification.ja.md",
        "result": "pass"
      },
      {
        "source": "assurance/docs/engineering/adr/ADR-0021.ja.md",
        "target": "ADR-0002.ja.md",
        "result": "pass"
      },
      {
        "source": "assurance/docs/engineering/adr/ADR-0021.ja.md",
        "target": "../specs/unified-management.ja.md",
        "result": "pass"
      },
      {
        "source": "assurance/docs/engineering/adr/ADR-0021.ja.md",
        "target": "../specs/capability-matrix.ja.md",
        "result": "pass"
      },
      {
        "source": "assurance/docs/engineering/adr/ADR-0021.ja.md",
        "target": "../../../../controlcore/docs/verification.ja.md",
        "result": "pass"
      },
      {
        "source": "assurance/docs/engineering/adr/ADR-0022.ja.md",
        "target": "../specs/unified-management.ja.md",
        "result": "pass"
      },
      {
        "source": "assurance/docs/engineering/adr/ADR-0022.ja.md",
        "target": "../specs/capability-matrix.ja.md",
        "result": "pass"
      },
      {
        "source": "assurance/docs/engineering/adr/ADR-0022.ja.md",
        "target": "../../../../controlcore/docs/verification.ja.md",
        "result": "pass"
      },
      {
        "source": "assurance/docs/engineering/adr/ADR-0023.ja.md",
        "target": "../specs/unified-management.ja.md",
        "result": "pass"
      },
      {
        "source": "assurance/docs/engineering/adr/ADR-0023.ja.md",
        "target": "../specs/capability-matrix.ja.md",
        "result": "pass"
      },
      {
        "source": "assurance/docs/engineering/adr/ADR-0023.ja.md",
        "target": "../../../../controlcore/docs/verification.ja.md",
        "result": "pass"
      },
      {
        "source": "assurance/docs/engineering/adr/ADR-0024.ja.md",
        "target": "../specs/unified-management.ja.md",
        "result": "pass"
      },
      {
        "source": "assurance/docs/engineering/adr/ADR-0024.ja.md",
        "target": "../specs/capability-matrix.ja.md",
        "result": "pass"
      },
      {
        "source": "assurance/docs/engineering/adr/ADR-0024.ja.md",
        "target": "../../../../controlcore/docs/verification.ja.md",
        "result": "pass"
      },
      {
        "source": "assurance/docs/engineering/adr/ADR-0025.ja.md",
        "target": "../specs/unified-management.ja.md",
        "result": "pass"
      },
      {
        "source": "assurance/docs/engineering/adr/ADR-0025.ja.md",
        "target": "../specs/capability-matrix.ja.md",
        "result": "pass"
      },
      {
        "source": "assurance/docs/engineering/adr/ADR-0025.ja.md",
        "target": "../../../../controlcore/docs/verification.ja.md",
        "result": "pass"
      },
      {
        "source": "assurance/docs/engineering/adr/ADR-0026.ja.md",
        "target": "../specs/unified-management.ja.md",
        "result": "pass"
      },
      {
        "source": "assurance/docs/engineering/adr/ADR-0026.ja.md",
        "target": "../specs/capability-matrix.ja.md",
        "result": "pass"
      },
      {
        "source": "assurance/docs/engineering/adr/ADR-0026.ja.md",
        "target": "../../../../controlcore/docs/verification.ja.md",
        "result": "pass"
      },
      {
        "source": "assurance/docs/engineering/adr/ADR-0027.ja.md",
        "target": "../specs/unified-management.ja.md",
        "result": "pass"
      },
      {
        "source": "assurance/docs/engineering/adr/ADR-0027.ja.md",
        "target": "../specs/capability-matrix.ja.md",
        "result": "pass"
      },
      {
        "source": "assurance/docs/engineering/adr/ADR-0027.ja.md",
        "target": "../../../../controlcore/docs/verification.ja.md",
        "result": "pass"
      },
      {
        "source": "assurance/docs/engineering/adr/README.ja.md",
        "target": "ADR-0001.ja.md",
        "result": "pass"
      },
      {
        "source": "assurance/docs/engineering/adr/README.ja.md",
        "target": "ADR-0002.ja.md",
        "result": "pass"
      },
      {
        "source": "assurance/docs/engineering/adr/README.ja.md",
        "target": "ADR-0003.ja.md",
        "result": "pass"
      },
      {
        "source": "assurance/docs/engineering/adr/README.ja.md",
        "target": "ADR-0004.ja.md",
        "result": "pass"
      },
      {
        "source": "assurance/docs/engineering/adr/README.ja.md",
        "target": "ADR-0005.ja.md",
        "result": "pass"
      },
      {
        "source": "assurance/docs/engineering/adr/README.ja.md",
        "target": "ADR-0006.ja.md",
        "result": "pass"
      },
      {
        "source": "assurance/docs/engineering/adr/README.ja.md",
        "target": "ADR-0007.ja.md",
        "result": "pass"
      },
      {
        "source": "assurance/docs/engineering/adr/README.ja.md",
        "target": "ADR-0008.ja.md",
        "result": "pass"
      },
      {
        "source": "assurance/docs/engineering/adr/README.ja.md",
        "target": "ADR-0009.ja.md",
        "result": "pass"
      },
      {
        "source": "assurance/docs/engineering/adr/README.ja.md",
        "target": "ADR-0010.ja.md",
        "result": "pass"
      },
      {
        "source": "assurance/docs/engineering/adr/README.ja.md",
        "target": "ADR-0011.ja.md",
        "result": "pass"
      },
      {
        "source": "assurance/docs/engineering/adr/README.ja.md",
        "target": "ADR-0012.ja.md",
        "result": "pass"
      },
      {
        "source": "assurance/docs/engineering/adr/README.ja.md",
        "target": "ADR-0013.ja.md",
        "result": "pass"
      },
      {
        "source": "assurance/docs/engineering/adr/README.ja.md",
        "target": "ADR-0014.ja.md",
        "result": "pass"
      },
      {
        "source": "assurance/docs/engineering/adr/README.ja.md",
        "target": "ADR-0015.ja.md",
        "result": "pass"
      },
      {
        "source": "assurance/docs/engineering/adr/README.ja.md",
        "target": "ADR-0016.ja.md",
        "result": "pass"
      },
      {
        "source": "assurance/docs/engineering/adr/README.ja.md",
        "target": "ADR-0017.ja.md",
        "result": "pass"
      },
      {
        "source": "assurance/docs/engineering/adr/README.ja.md",
        "target": "ADR-0018.ja.md",
        "result": "pass"
      },
      {
        "source": "assurance/docs/engineering/adr/README.ja.md",
        "target": "ADR-0019.ja.md",
        "result": "pass"
      },
      {
        "source": "assurance/docs/engineering/adr/README.ja.md",
        "target": "ADR-0020.ja.md",
        "result": "pass"
      },
      {
        "source": "assurance/docs/engineering/adr/README.ja.md",
        "target": "ADR-0021.ja.md",
        "result": "pass"
      },
      {
        "source": "assurance/docs/engineering/adr/README.ja.md",
        "target": "ADR-0022.ja.md",
        "result": "pass"
      },
      {
        "source": "assurance/docs/engineering/adr/README.ja.md",
        "target": "ADR-0023.ja.md",
        "result": "pass"
      },
      {
        "source": "assurance/docs/engineering/adr/README.ja.md",
        "target": "ADR-0024.ja.md",
        "result": "pass"
      },
      {
        "source": "assurance/docs/engineering/adr/README.ja.md",
        "target": "ADR-0025.ja.md",
        "result": "pass"
      },
      {
        "source": "assurance/docs/engineering/adr/README.ja.md",
        "target": "ADR-0026.ja.md",
        "result": "pass"
      },
      {
        "source": "assurance/docs/engineering/adr/README.ja.md",
        "target": "ADR-0027.ja.md",
        "result": "pass"
      },
      {
        "source": "assurance/docs/engineering/runbooks/RB-013.ja.md",
        "target": "../../../../controlcore/docs/operations.ja.md",
        "result": "pass"
      },
      {
        "source": "assurance/docs/engineering/runbooks/RB-013.ja.md",
        "target": "../specs/capability-matrix.ja.md",
        "result": "pass"
      },
      {
        "source": "assurance/docs/engineering/runbooks/README.ja.md",
        "target": "RB-001.ja.md",
        "result": "pass"
      },
      {
        "source": "assurance/docs/engineering/runbooks/README.ja.md",
        "target": "RB-002.ja.md",
        "result": "pass"
      },
      {
        "source": "assurance/docs/engineering/runbooks/README.ja.md",
        "target": "RB-003.ja.md",
        "result": "pass"
      },
      {
        "source": "assurance/docs/engineering/runbooks/README.ja.md",
        "target": "RB-004.ja.md",
        "result": "pass"
      },
      {
        "source": "assurance/docs/engineering/runbooks/README.ja.md",
        "target": "RB-005.ja.md",
        "result": "pass"
      },
      {
        "source": "assurance/docs/engineering/runbooks/README.ja.md",
        "target": "RB-006.ja.md",
        "result": "pass"
      },
      {
        "source": "assurance/docs/engineering/runbooks/README.ja.md",
        "target": "RB-007.ja.md",
        "result": "pass"
      },
      {
        "source": "assurance/docs/engineering/runbooks/README.ja.md",
        "target": "RB-008.ja.md",
        "result": "pass"
      },
      {
        "source": "assurance/docs/engineering/runbooks/README.ja.md",
        "target": "RB-009.ja.md",
        "result": "pass"
      },
      {
        "source": "assurance/docs/engineering/runbooks/README.ja.md",
        "target": "RB-010.ja.md",
        "result": "pass"
      },
      {
        "source": "assurance/docs/engineering/runbooks/README.ja.md",
        "target": "RB-011.ja.md",
        "result": "pass"
      },
      {
        "source": "assurance/docs/engineering/runbooks/README.ja.md",
        "target": "RB-012.ja.md",
        "result": "pass"
      },
      {
        "source": "assurance/docs/engineering/runbooks/README.ja.md",
        "target": "RB-013.ja.md",
        "result": "pass"
      },
      {
        "source": "assurance/docs/engineering/specs/acid-contract.ja.md",
        "target": "../sources.ja.md",
        "result": "pass"
      },
      {
        "source": "assurance/docs/engineering/specs/architecture.ja.md",
        "target": "unified-management.ja.md",
        "result": "pass"
      },
      {
        "source": "assurance/docs/engineering/specs/capability-matrix.ja.md",
        "target": "../api-index.ja.md",
        "result": "pass"
      },
      {
        "source": "assurance/docs/engineering/specs/capability-matrix.ja.md",
        "target": "../../../engineering/test-plan.json",
        "result": "pass"
      },
      {
        "source": "assurance/docs/engineering/specs/connector-contracts.ja.md",
        "target": "unified-management.ja.md",
        "result": "pass"
      },
      {
        "source": "assurance/docs/engineering/specs/proof-plan.ja.md",
        "target": "../sources.ja.md",
        "result": "pass"
      },
      {
        "source": "assurance/docs/engineering/specs/unified-management.ja.md",
        "target": "../../../../controlcore/docs/architecture.ja.md",
        "result": "pass"
      },
      {
        "source": "assurance/docs/engineering/specs/unified-management.ja.md",
        "target": "../../../../controlcore/docs/protocol.ja.md",
        "result": "pass"
      },
      {
        "source": "assurance/docs/engineering/specs/unified-management.ja.md",
        "target": "../../../../controlcore/docs/operations.ja.md",
        "result": "pass"
      },
      {
        "source": "assurance/docs/engineering/specs/unified-management.ja.md",
        "target": "../../../engineering/lineage-merge.json",
        "result": "pass"
      },
      {
        "source": "assurance/docs/engineering/specs/unified-management.ja.md",
        "target": "capability-matrix.ja.md",
        "result": "pass"
      },
      {
        "source": "assurance/docs/engineering/specs/unified-management.ja.md",
        "target": "continuation.ja.md",
        "result": "pass"
      },
      {
        "source": "pkgcore/README.md",
        "target": "../assurance/docs/engineering/specs/capability-matrix.ja.md",
        "result": "pass"
      },
      {
        "source": "pkgcore/README.md",
        "target": "../assurance/docs/engineering/specs/release-migration.ja.md",
        "result": "pass"
      },
      {
        "source": "statecore/README.md",
        "target": "../assurance/docs/engineering/specs/capability-matrix.ja.md",
        "result": "pass"
      },
      {
        "source": "statecore/README.md",
        "target": "../assurance/docs/engineering/specs/release-migration.ja.md",
        "result": "pass"
      },
      {
        "source": "controlcore/README.ja.md",
        "target": "../assurance/docs/engineering/specs/development.ja.md",
        "result": "pass"
      },
      {
        "source": "controlcore/README.ja.md",
        "target": "docs/architecture.ja.md",
        "result": "pass"
      },
      {
        "source": "controlcore/README.ja.md",
        "target": "docs/protocol.ja.md",
        "result": "pass"
      },
      {
        "source": "controlcore/README.ja.md",
        "target": "docs/operations.ja.md",
        "result": "pass"
      },
      {
        "source": "controlcore/README.ja.md",
        "target": "docs/verification.ja.md",
        "result": "pass"
      },
      {
        "source": "controlcore/README.ja.md",
        "target": "SECURITY.md",
        "result": "pass"
      },
      {
        "source": "controlcore/README.ja.md",
        "target": "../assurance/docs/engineering/specs/capability-matrix.ja.md",
        "result": "pass"
      },
      {
        "source": "controlcore/docs/protocol.ja.md",
        "target": "../tests/fixtures/README.md",
        "result": "pass"
      }
    ],
    "failed_links": []
  },
  "source_subject": "5e62a3f48b234266b37f91cf4ea38db685fa81ab0e17e7da46941021cd4d432f"
}
